{
  "dataset": "yelp",
  "method": "LightGCN",
  "norm_mode": "sym",
  "n_users": 31668,
  "n_items": 38048,
  "n_train": 1237259,
  "n_test": 324147,
  "embed_dim": 64,
  "n_layers": 3,
  "lr": 0.001,
  "lambda": 0.0001,
  "batch_size": 1024,
  "epochs_trained": 100,
  "best_epoch": 100,
  "recall@20": 0.0609,
  "ndcg@20": 0.048,
  "train_losses": [
    0.24519501871965974,
    0.16018384836910182,
    0.1505090201840989,
    0.14208213720988755,
    0.13421972213152622,
    0.12606333753106413,
    0.11967802042795332,
    0.11407439740041629,
    0.10971504001452631,
    0.10642216755508982,
    0.10406783740005351,
    0.10087192168348277,
    0.09823236154972126,
    0.09623965334196556,
    0.09386833906112028,
    0.09136195256010882,
    0.08904132730210361,
    0.08682256967248704,
    0.08506616407277569,
    0.08332113918250068,
    0.08106918587959958,
    0.07897393023965275,
    0.07796234220254007,
    0.0761369189451023,
    0.07506612012939935,
    0.0740122052914901,
    0.07250892797127267,
    0.0717479931684026,
    0.0705037867582545,
    0.06973552853115741,
    0.06886333171956685,
    0.06720885748216351,
    0.06671438809632269,
    0.06626523847364826,
    0.0656731740805931,
    0.06448109220059602,
    0.06406474442511106,
    0.06325837181856399,
    0.062283165151537055,
    0.06173709528027287,
    0.06115526573683154,
    0.06024771619477118,
    0.059976389884504655,
    0.058756902897175375,
    0.05865248808920975,
    0.0580426212338521,
    0.05734995383436218,
    0.05704632444331879,
    0.0560483276591149,
    0.05568658815240426,
    0.05502675476311305,
    0.0549464006476499,
    0.05536510757115108,
    0.05415945399601925,
    0.05369045739278,
    0.053437863353220434,
    0.05290799677859227,
    0.05295055346033036,
    0.05219184783971961,
    0.05178930838468997,
    0.05151348475163297,
    0.05085859870050867,
    0.050381415449576264,
    0.0503564944231747,
    0.04952093529891198,
    0.04930083895879273,
    0.04870251601019147,
    0.049003470576497794,
    0.048187271687232996,
    0.04834389384521406,
    0.04762715833502149,
    0.047567408851082654,
    0.047262614779482716,
    0.04687579762073394,
    0.04649476951530931,
    0.046002355091187434,
    0.046110294541862135,
    0.04555568319362965,
    0.04511957287954919,
    0.04518980409222229,
    0.04513123294720981,
    0.04474821194408104,
    0.04430447243746148,
    0.043638852155082765,
    0.04355362292829383,
    0.04354649846016473,
    0.043406655038984505,
    0.042986122254491936,
    0.042436796935916635,
    0.04268649294324811,
    0.04192182537791202,
    0.04225238930088598,
    0.041970726178144874,
    0.0416609024912711,
    0.04138415993579867,
    0.04124994179085884,
    0.040861295309497524,
    0.0409684215860429,
    0.04021544251066713,
    0.0401977054984463
  ],
  "eval_epochs": [
    1,
    5,
    10,
    15,
    20,
    25,
    30,
    35,
    40,
    45,
    50,
    55,
    60,
    65,
    70,
    75,
    80,
    85,
    90,
    95,
    100
  ],
  "recall_history": [
    0.03337173682801588,
    0.03892872970987394,
    0.042681613216051816,
    0.044566263904986095,
    0.046760586689091325,
    0.048167185164862784,
    0.04948594287566118,
    0.05154289995447503,
    0.05301393921449351,
    0.05419630088555652,
    0.05508050135864061,
    0.05614694752242333,
    0.056812969984187625,
    0.0578952073607991,
    0.05833784364975699,
    0.05891220697250795,
    0.0588468609372712,
    0.05972523143694576,
    0.0604553182950229,
    0.06078763636744646,
    0.06092170665432543
  ],
  "ndcg_history": [
    0.02607071547313982,
    0.030317798020086415,
    0.03328665816883815,
    0.034770214186731,
    0.03664170998430443,
    0.03785170931789466,
    0.03873402101011068,
    0.04007596032870843,
    0.04122826851177842,
    0.04214799089245266,
    0.04276741357534922,
    0.04380842551799382,
    0.044651345154316,
    0.04549691945998856,
    0.0458375745780431,
    0.046119270523868515,
    0.04631541265205047,
    0.04687444380105898,
    0.04749547022594617,
    0.0476250264766034,
    0.04801110772343791
  ],
  "plot_path": "/kaggle/working/yelp_table5_part2/sym/training_curves.png"
}