{
  "dataset": "gowalla1",
  "method": "LightGCN",
  "norm_mode": "sym",
  "n_users": 29858,
  "n_items": 40981,
  "n_train": 810128,
  "n_test": 217242,
  "embed_dim": 64,
  "n_layers": 3,
  "lr": 0.001,
  "lambda": 0.0001,
  "batch_size": 1024,
  "epochs_trained": 100,
  "best_epoch": 100,
  "recall@20": 0.1699,
  "ndcg@20": 0.1422,
  "train_losses": [
    0.3541801709931358,
    0.19642643076656138,
    0.15680413517050737,
    0.13480197994318682,
    0.12046579827287254,
    0.1101407334679448,
    0.10264746121374606,
    0.09590877577021963,
    0.09041246371496793,
    0.08666345918864275,
    0.08231515158556506,
    0.07860529078017596,
    0.07577672839522663,
    0.07322056562311278,
    0.07026648535552127,
    0.06779649662496769,
    0.06553002836373452,
    0.06298028404074432,
    0.06125748122650212,
    0.05993143625453812,
    0.05884636647518908,
    0.05763500514905311,
    0.05611138294454471,
    0.05372720680584573,
    0.05358342670714283,
    0.051909361792876654,
    0.05023245051192348,
    0.049594428362006934,
    0.04863649849719857,
    0.04758941134680463,
    0.047110498902845924,
    0.04634104741621861,
    0.0453947153432217,
    0.04457742317936438,
    0.043545875599426506,
    0.042934162139553485,
    0.042684562918735965,
    0.04179302044448298,
    0.04055820898342449,
    0.04027166871963877,
    0.03969163184823037,
    0.03957615013313203,
    0.03915636926211238,
    0.03816334288402469,
    0.03761407853529215,
    0.03696796979270075,
    0.03714131140744716,
    0.035872745065091534,
    0.03574614961279554,
    0.03517983778227973,
    0.03534183229700051,
    0.033971481124120476,
    0.03391464367537146,
    0.034007160619428725,
    0.03330202626744956,
    0.03348395281368878,
    0.032784990201010715,
    0.032274384039787364,
    0.03157818439627342,
    0.031720387139481256,
    0.03158912825128523,
    0.030915346686574058,
    0.03085019462064907,
    0.030127891670210773,
    0.030149852681561232,
    0.029817516212592987,
    0.029932233194117676,
    0.029008928870054622,
    0.02909149797974736,
    0.02872566040134347,
    0.02875054013290161,
    0.028390984696144175,
    0.02788415226105756,
    0.02769316124050453,
    0.02756537260739639,
    0.027557282408348528,
    0.027119767659034122,
    0.02711476720210198,
    0.02645397446837686,
    0.026415774098323134,
    0.026177104918095467,
    0.026372997515261475,
    0.025864492365960903,
    0.025695372505911758,
    0.02548869753282343,
    0.02581011521007145,
    0.025072830582011665,
    0.02496960599978564,
    0.024932094000741443,
    0.025004549017917793,
    0.024504685133940503,
    0.024495652054969865,
    0.02425364021791143,
    0.02403195892070925,
    0.023974276678789732,
    0.02386768464371091,
    0.023543375078000025,
    0.02335712081822184,
    0.023248678361749753,
    0.022989984698282784
  ],
  "eval_epochs": [
    1,
    5,
    10,
    15,
    20,
    25,
    30,
    35,
    40,
    45,
    50,
    55,
    60,
    65,
    70,
    75,
    80,
    85,
    90,
    95,
    100
  ],
  "recall_history": [
    0.08482961196723525,
    0.11009381060439037,
    0.12128495262215214,
    0.12928564084106842,
    0.13489027216681987,
    0.13931914929524372,
    0.14366115276702174,
    0.14725467601976774,
    0.14998552926311326,
    0.1532352144877398,
    0.15558358226757898,
    0.15758812401719224,
    0.1603225859515905,
    0.16194715677983984,
    0.16327517433591873,
    0.1645464656156627,
    0.16586875468929188,
    0.16709898869763448,
    0.16884725495100147,
    0.16923322866725043,
    0.1698765962603902
  ],
  "ndcg_history": [
    0.0697380302147255,
    0.09433240094479257,
    0.10365199739972794,
    0.1100372924749283,
    0.11460711247616401,
    0.11828482726043062,
    0.12145752310118729,
    0.12423737160889343,
    0.12636070217951065,
    0.12866710077052276,
    0.13049467840326812,
    0.1321724675581637,
    0.13405843793282532,
    0.1354158632752242,
    0.13663269233933512,
    0.13775556642695894,
    0.1389083147715528,
    0.13983383571059946,
    0.14111185241595323,
    0.14180974244292452,
    0.1422232471695971
  ],
  "plot_path": "/kaggle/working/gowalla_table5_part2/sym/training_curves.png"
}