{
  "dataset": "yelp",
  "method": "LightGCN-L",
  "norm_mode": "l",
  "n_users": 31668,
  "n_items": 38048,
  "n_train": 1237259,
  "n_test": 324147,
  "embed_dim": 64,
  "n_layers": 3,
  "lr": 0.001,
  "lambda": 0.0001,
  "batch_size": 1024,
  "epochs_trained": 100,
  "best_epoch": 5,
  "recall@20": 0.0643,
  "ndcg@20": 0.0509,
  "train_losses": [
    0.105145311245189,
    0.08115031423404911,
    0.07360632878894739,
    0.06690984197417336,
    0.06251780894763817,
    0.058786939504241804,
    0.05549492826993695,
    0.054185599301454446,
    0.05119247283687852,
    0.050484775110696815,
    0.04659454913775973,
    0.046145895866072734,
    0.04519529077486561,
    0.043165875203284555,
    0.04263120291319781,
    0.042458253622745835,
    0.040171530430778764,
    0.04079728173816712,
    0.04029109065701556,
    0.03910719971897216,
    0.03923868604115402,
    0.03799774911600035,
    0.03863310690472729,
    0.03729221615932623,
    0.03787982633756782,
    0.0377413807413695,
    0.037781223273120626,
    0.03649883665836768,
    0.03650813889982709,
    0.03645317744200013,
    0.036290438583626454,
    0.03609283393810176,
    0.03746385511013969,
    0.035605416376072764,
    0.035297887070206244,
    0.03513917516198453,
    0.03647425409062574,
    0.03507183462347441,
    0.03525683570411118,
    0.034620008634523615,
    0.033989645266637135,
    0.03553052223827197,
    0.03649105854461198,
    0.03559743496820651,
    0.03433788563772444,
    0.03409787946587293,
    0.035679437534071025,
    0.03510948338404002,
    0.034656463993292315,
    0.036426930755009836,
    0.03521718826015412,
    0.03329803124000781,
    0.0343187263702653,
    0.03464335768054924,
    0.03442833633956172,
    0.03563979403724869,
    0.03522629553640249,
    0.034455993084779736,
    0.033893998145643894,
    0.034063348189090376,
    0.034659808904621815,
    0.03425263821718665,
    0.0340144801241136,
    0.03487070208987443,
    0.03567439899779856,
    0.03384582059872676,
    0.03439101569558068,
    0.03580488507471676,
    0.034910501466427206,
    0.03535797795344804,
    0.03407343252718492,
    0.03552333178058026,
    0.034857814782877326,
    0.03477211359729111,
    0.03549191669255668,
    0.03565702249511108,
    0.03566746466537931,
    0.03603263617730668,
    0.03548005741014028,
    0.03512170808586378,
    0.03565159353095304,
    0.035953283533322875,
    0.035757609131508536,
    0.0363293151002661,
    0.03412469503560739,
    0.036660774827577076,
    0.034030001065832566,
    0.03641209665077603,
    0.03552371273275977,
    0.034488246508061406,
    0.03596242043707791,
    0.037296952947662734,
    0.03472293917142126,
    0.035975190555863394,
    0.03557566200696789,
    0.035242770381799175,
    0.03660011120832106,
    0.03652428420235878,
    0.036273179293243175,
    0.03562346253130085
  ],
  "eval_epochs": [
    1,
    5,
    10,
    15,
    20,
    25,
    30,
    35,
    40,
    45,
    50,
    55,
    60,
    65,
    70,
    75,
    80,
    85,
    90,
    95,
    100
  ],
  "recall_history": [
    0.056111683617294496,
    0.06431841741568345,
    0.06419512070276542,
    0.0593419466555974,
    0.06147144609422516,
    0.05514387332424089,
    0.05666294352562686,
    0.053135604180536235,
    0.05413421915618802,
    0.05093349157855288,
    0.052544947361256575,
    0.0518304647027128,
    0.050523740766330344,
    0.051327254380295555,
    0.05060434785835261,
    0.05108305686965408,
    0.04965555597612531,
    0.04879070675069716,
    0.05105076068563814,
    0.048415922048198314,
    0.048267779433385165
  ],
  "ndcg_history": [
    0.04432911254197117,
    0.050870393218239544,
    0.05052029692420843,
    0.047017586186721014,
    0.04871097020076271,
    0.0434458093477542,
    0.044418716351174614,
    0.04180601586585391,
    0.04296539942608339,
    0.0393962437485493,
    0.04116571556588895,
    0.041276238052629276,
    0.03923302347084743,
    0.0404253606166615,
    0.03984349319821231,
    0.040140509451690246,
    0.03904935459197051,
    0.03870946063637826,
    0.040102118085767476,
    0.038188089819039,
    0.03794638337510122
  ],
  "plot_path": "/kaggle/working/yelp_table5_part2/l/training_curves.png"
}