{
  "dataset": "gowalla1",
  "method": "LightGCN-L1-R",
  "norm_mode": "l1_r",
  "n_users": 29858,
  "n_items": 40981,
  "n_train": 810128,
  "n_test": 217242,
  "embed_dim": 64,
  "n_layers": 3,
  "lr": 0.001,
  "lambda": 0.0001,
  "batch_size": 1024,
  "epochs_trained": 100,
  "best_epoch": 100,
  "recall@20": 0.1505,
  "ndcg@20": 0.1267,
  "train_losses": [
    0.38217839099438544,
    0.26044538737699746,
    0.2209643444467887,
    0.19631696295572443,
    0.18252068641212887,
    0.16905236714219324,
    0.16206623452766203,
    0.15207869905210777,
    0.14671762414775816,
    0.1397674453695565,
    0.13326928273841795,
    0.12944041801953285,
    0.12179095532589707,
    0.11776258246372684,
    0.11614163794499432,
    0.11027489756569549,
    0.10605207488279879,
    0.10395022256561236,
    0.09898521244412879,
    0.09892693431824258,
    0.0944492451177837,
    0.09181281513100026,
    0.08915778136000922,
    0.08761304919284153,
    0.08633319858824258,
    0.08277203955990174,
    0.0817883550725152,
    0.07897886237795977,
    0.07698404218167933,
    0.07579701460247998,
    0.0744422615685897,
    0.07277667987267528,
    0.07072228881825991,
    0.06986245521439614,
    0.06793736104586182,
    0.06637480700984315,
    0.06473898765891226,
    0.06411855659116761,
    0.0628036194552777,
    0.06135568676184387,
    0.06129322295676441,
    0.06006580476758604,
    0.058909280484662346,
    0.0586185617379458,
    0.05782368227217803,
    0.05590462972152173,
    0.055047200627709764,
    0.053845918710271716,
    0.05457275116394654,
    0.053596039181375024,
    0.052441815338209366,
    0.051775431813844086,
    0.05058906009531428,
    0.05096180394630968,
    0.04971697815845799,
    0.048715683074689244,
    0.0482159842078853,
    0.048406833860500424,
    0.04732997643651839,
    0.04575853702269598,
    0.046735627508419655,
    0.045766897935198926,
    0.0436813270157455,
    0.04308501116027196,
    0.043335219958206044,
    0.04295595072200416,
    0.04254914940053458,
    0.041944967135410245,
    0.04166645345462936,
    0.04120907482988991,
    0.04097668492198744,
    0.04119569342465678,
    0.03991924962393855,
    0.03961079124733335,
    0.038903242403314026,
    0.038636896144669364,
    0.03836858287387717,
    0.037704515057779595,
    0.037876649812692786,
    0.03676453443755091,
    0.037064029904631084,
    0.036778828955706395,
    0.03616625736744229,
    0.03594795103960785,
    0.0358875152041521,
    0.034949106480996917,
    0.03463195731531353,
    0.03448611950824407,
    0.0342751682456936,
    0.03360787124694448,
    0.03378651578064099,
    0.03334922021827113,
    0.0336479803478974,
    0.03262443757026107,
    0.03252399620492902,
    0.03221952871627889,
    0.03141977605745479,
    0.032100397936867926,
    0.03193745944371115,
    0.03131492692487392
  ],
  "eval_epochs": [
    1,
    5,
    10,
    15,
    20,
    25,
    30,
    35,
    40,
    45,
    50,
    55,
    60,
    65,
    70,
    75,
    80,
    85,
    90,
    95,
    100
  ],
  "recall_history": [
    0.08467266301838589,
    0.1032897825091851,
    0.113771232139255,
    0.12150981171219316,
    0.12546798712550383,
    0.12835963103712064,
    0.13085778405857348,
    0.13290712865947601,
    0.13536279536611515,
    0.1372355986952181,
    0.13865496976180666,
    0.1407466611210497,
    0.14250146237155667,
    0.1439764723150858,
    0.14556856224068485,
    0.14645045148839003,
    0.14720105063344022,
    0.1480800480139352,
    0.1486399464829279,
    0.1496819200683623,
    0.15051038847084672
  ],
  "ndcg_history": [
    0.06988277158029708,
    0.08848143600794874,
    0.09763156308736658,
    0.10445123458305267,
    0.10795009910223,
    0.11039284497455625,
    0.11235674298106771,
    0.11394297215173213,
    0.11568865347844655,
    0.11717278706515438,
    0.11822668073116609,
    0.11953830940153531,
    0.12073694700686015,
    0.12184044868729142,
    0.12297587552903899,
    0.12382007283452687,
    0.12444306798160505,
    0.12502549448110256,
    0.12559465871921052,
    0.1261652701549872,
    0.12667300363852926
  ],
  "plot_path": "/kaggle/working/gowalla_table5_part1/l1_r/training_curves.png"
}