{
  "dataset": "gowalla1",
  "method": "LightGCN-R",
  "norm_mode": "r",
  "n_users": 29858,
  "n_items": 40981,
  "n_train": 810128,
  "n_test": 217242,
  "embed_dim": 64,
  "n_layers": 3,
  "lr": 0.001,
  "lambda": 0.0001,
  "batch_size": 1024,
  "epochs_trained": 100,
  "best_epoch": 85,
  "recall@20": 0.1357,
  "ndcg@20": 0.1092,
  "train_losses": [
    0.21987835824602625,
    0.19030376960783632,
    0.1729116727764025,
    0.170353491198361,
    0.1629821371037499,
    0.17505296282517321,
    0.15230904332586997,
    0.1524893559972307,
    0.16210746749595054,
    0.13731461516128177,
    0.15103050205719984,
    0.14965023592999852,
    0.13925258631614307,
    0.14898312541358313,
    0.16346630878398,
    0.13424539947281822,
    0.13021675288658377,
    0.14165448061368333,
    0.14150108806035386,
    0.15668842980376763,
    0.1423327334804458,
    0.1336582219840396,
    0.12603198035176275,
    0.13394730598442067,
    0.13783436215585085,
    0.14061089764395082,
    0.13336404869815643,
    0.12590900043498926,
    0.1332267511249832,
    0.13636106436815484,
    0.13266824709319813,
    0.1394189035757792,
    0.14394020776625832,
    0.13686276286812182,
    0.12945656255287896,
    0.12393469539354408,
    0.1318343986513378,
    0.13689412662168368,
    0.14775044725284772,
    0.13248057016930936,
    0.12589373522792505,
    0.1397048688909291,
    0.1199546463207098,
    0.12893555698711448,
    0.13843930343592212,
    0.13135728213815995,
    0.12642844889534333,
    0.11637523703043987,
    0.12577466354334513,
    0.12872371541197244,
    0.13773784556869986,
    0.15406512967681726,
    0.13073118554790858,
    0.14756487067624002,
    0.13134058165998586,
    0.12104839852960443,
    0.1347955041476696,
    0.13223348379690864,
    0.13016358163977787,
    0.13365268693382082,
    0.1372746843032247,
    0.13067770804668272,
    0.12361651776280777,
    0.13704619586335876,
    0.13354235582110177,
    0.13513537430070227,
    0.13047233532864586,
    0.12039989020849676,
    0.13480168658717243,
    0.1376303689561398,
    0.16400753657125153,
    0.13304754885798967,
    0.12396130235053307,
    0.14041128241358145,
    0.14133399221740015,
    0.13972254284668134,
    0.13599028913056957,
    0.11719321063866865,
    0.12761247724143956,
    0.1105307952539734,
    0.13348927437363123,
    0.13333504470318377,
    0.1317860471807637,
    0.1454498149953811,
    0.12374592395840794,
    0.121012415820509,
    0.13541575457945504,
    0.12068933175050203,
    0.12085746779143645,
    0.14145311211646733,
    0.12885978347922095,
    0.12996050128395353,
    0.1292103635531046,
    0.11727236167265176,
    0.12751709657465726,
    0.11835877019229113,
    0.12112924266063789,
    0.13831619954139332,
    0.12966534075198882,
    0.12371129988529042
  ],
  "eval_epochs": [
    1,
    5,
    10,
    15,
    20,
    25,
    30,
    35,
    40,
    45,
    50,
    55,
    60,
    65,
    70,
    75,
    80,
    85,
    90,
    95,
    100
  ],
  "recall_history": [
    0.11738298107255446,
    0.11808580056603707,
    0.13009537270558344,
    0.12256793923878205,
    0.12128354140538122,
    0.1334477836549783,
    0.12497358199579155,
    0.12441886421249357,
    0.12579579134246652,
    0.1266960891714815,
    0.12432075547097626,
    0.12919067368318554,
    0.13093461222346822,
    0.1344020841776922,
    0.11136372564028493,
    0.13257619948233715,
    0.13387465575880592,
    0.1357454392829847,
    0.13394032584581186,
    0.13481703847790494,
    0.1330343192045392
  ],
  "ndcg_history": [
    0.09810434105258073,
    0.0957746442362715,
    0.10668377186615596,
    0.09796195184154019,
    0.09588961152990419,
    0.10605103628122832,
    0.09758310254443708,
    0.09829720838513989,
    0.09832157974337652,
    0.10042921755795887,
    0.0993551794361199,
    0.1020491023841709,
    0.10306859935752048,
    0.10845109698449713,
    0.08939355094009331,
    0.10658848946680312,
    0.1068933169557683,
    0.1092447883121068,
    0.10825872569923256,
    0.1066321645139329,
    0.10719532524051237
  ],
  "plot_path": "/kaggle/working/gowalla_table5_part2/r/training_curves.png"
}