{
  "dataset": "yelp",
  "method": "LightGCN-L1",
  "norm_mode": "l1",
  "n_users": 31668,
  "n_items": 38048,
  "n_train": 1237259,
  "n_test": 324147,
  "embed_dim": 64,
  "n_layers": 3,
  "lr": 0.001,
  "lambda": 0.0001,
  "batch_size": 1024,
  "epochs_trained": 100,
  "best_epoch": 100,
  "recall@20": 0.0486,
  "ndcg@20": 0.0384,
  "train_losses": [
    0.6766849527295852,
    0.5254328920203724,
    0.37530130377372367,
    0.28797841712289696,
    0.23751776220141263,
    0.2056441187907923,
    0.18441904954217522,
    0.16978986082684916,
    0.1594740968037224,
    0.1517376108465112,
    0.1460522497442878,
    0.14060125624551284,
    0.1365924889332806,
    0.1331135704434964,
    0.13008148119544352,
    0.12750633658582208,
    0.1251450442949569,
    0.12298891884552328,
    0.12134883940737966,
    0.11951024856862445,
    0.11731515706374945,
    0.11553465714369783,
    0.11464122110447347,
    0.11272877666309772,
    0.11155531537527873,
    0.11041490139674075,
    0.10877883251731758,
    0.10770274640757911,
    0.10673639009281105,
    0.10564624414538705,
    0.10436393833713026,
    0.10285847072816448,
    0.10239760741739479,
    0.10135522383012321,
    0.10096923769482516,
    0.09952011475623246,
    0.09887002118005855,
    0.09775688276558325,
    0.09687708605031502,
    0.09644677630002728,
    0.09551409754087987,
    0.09486615106414091,
    0.09394191072896024,
    0.09292239206688886,
    0.0928265896767674,
    0.09222031387790347,
    0.0913077217175175,
    0.09075960179556482,
    0.08993830587344849,
    0.08922563796085829,
    0.08839315349322478,
    0.08829812465593317,
    0.08860858252876444,
    0.08736343391930425,
    0.0868286220171791,
    0.08651932731073424,
    0.08592570261622699,
    0.08584231332511894,
    0.08489599065016339,
    0.08453978374230349,
    0.08417676394768306,
    0.08318245358802132,
    0.08281421485289142,
    0.0828514149819581,
    0.08185948538809817,
    0.08141554964533607,
    0.08086205298537451,
    0.08092373109342443,
    0.07981769037772192,
    0.0799518424450167,
    0.07939165649590212,
    0.07908570771999904,
    0.07895200290340955,
    0.07819480484733914,
    0.07768125233197251,
    0.07719034210020145,
    0.07717547176516806,
    0.07667198967780696,
    0.07630683155113596,
    0.07612413620970995,
    0.07580458312387893,
    0.07531021849949233,
    0.07497086793813386,
    0.07416745964191016,
    0.07372310429823813,
    0.07411514433865614,
    0.07381621654459972,
    0.07316346199479916,
    0.07254335388467209,
    0.07270828074165034,
    0.0721229438127222,
    0.07227981093012734,
    0.07180160927950152,
    0.07151738741120559,
    0.07130148842782769,
    0.07117284492385999,
    0.07035003439985857,
    0.07035834640757926,
    0.06989003491544762,
    0.06968486169969898
  ],
  "eval_epochs": [
    1,
    5,
    10,
    15,
    20,
    25,
    30,
    35,
    40,
    45,
    50,
    55,
    60,
    65,
    70,
    75,
    80,
    85,
    90,
    95,
    100
  ],
  "recall_history": [
    0.032586398569267955,
    0.035943907876594454,
    0.03736472519631206,
    0.038861035682587,
    0.03992434514270657,
    0.03994371104498849,
    0.04106374419700014,
    0.04247277161991477,
    0.04326993528731368,
    0.0439037170125463,
    0.04332086979960399,
    0.04462411978303183,
    0.045791622802070865,
    0.0460521613841787,
    0.04678726612162565,
    0.04643444478963094,
    0.047524387086175866,
    0.04796539540765598,
    0.04821005408114483,
    0.04840708895495723,
    0.048553238538443455
  ],
  "ndcg_history": [
    0.02611885277959143,
    0.028285257272086275,
    0.029204349790486896,
    0.03046530954632243,
    0.03092913797791783,
    0.03120368147357524,
    0.03190826380014288,
    0.03300154993112628,
    0.03387252002410611,
    0.034272414471039264,
    0.03355459490348106,
    0.035122198916998096,
    0.036015205002358004,
    0.03622096327851453,
    0.03656659731576923,
    0.03640170765934481,
    0.03738099912910125,
    0.037716605802493405,
    0.037823407703959915,
    0.03796358454359593,
    0.038351695013643355
  ],
  "plot_path": "/kaggle/working/yelp_table5_part1/l1/training_curves.png"
}