{
  "dataset": "gowalla1",
  "method": "LightGCN-L1-L",
  "norm_mode": "l1_l",
  "n_users": 29858,
  "n_items": 40981,
  "n_train": 810128,
  "n_test": 217242,
  "embed_dim": 64,
  "n_layers": 3,
  "lr": 0.001,
  "lambda": 0.0001,
  "batch_size": 1024,
  "epochs_trained": 100,
  "best_epoch": 100,
  "recall@20": 0.1574,
  "ndcg@20": 0.1297,
  "train_losses": [
    0.34746753591125745,
    0.15219512862517168,
    0.11723328491039432,
    0.10065513160715513,
    0.08988333628165586,
    0.08316614037537394,
    0.07741240844337738,
    0.07316512776498699,
    0.06894116323587264,
    0.0664375951106268,
    0.0635214372056474,
    0.06133560054522248,
    0.059271843640037195,
    0.05713445677241845,
    0.05532072049797561,
    0.053899367802626864,
    0.05246212079593566,
    0.0514482431485778,
    0.04997299823971223,
    0.04915880754250944,
    0.048006330255310696,
    0.0465602247838011,
    0.04631861239464485,
    0.04487236171687674,
    0.04394896518245961,
    0.04311792517620152,
    0.04251858609223411,
    0.041621619691853275,
    0.041099827317462104,
    0.04014948369080363,
    0.03981643531344332,
    0.03912038115640883,
    0.0386776176908827,
    0.038024155345336826,
    0.037916183139653184,
    0.037333516225068065,
    0.03644107146525353,
    0.036340091733071206,
    0.03580609817345133,
    0.03562457160847603,
    0.0352531374536935,
    0.03451051830765044,
    0.03419715889014878,
    0.034296321464813165,
    0.03339703975648027,
    0.0332193026005958,
    0.032577067173254474,
    0.03233455199225513,
    0.03212294144044935,
    0.0319880349620442,
    0.031202916173657634,
    0.030827069148779217,
    0.030620067725346603,
    0.030751170804806514,
    0.030286297948581228,
    0.029881594318769373,
    0.029544176298338453,
    0.02943880462197189,
    0.029011082841382468,
    0.02909516606258532,
    0.028670703153939523,
    0.028295299469218996,
    0.028359719123526486,
    0.027830949236842532,
    0.027584187408577175,
    0.027551611337937914,
    0.027311499102227153,
    0.02706478363286831,
    0.0271420228081919,
    0.026841581882685234,
    0.026688003472220882,
    0.026087325174648752,
    0.026052174435083092,
    0.025753140301171658,
    0.026025023977784383,
    0.025884479064112894,
    0.025602079259158687,
    0.025313585685794483,
    0.02520456523004585,
    0.024960495042938423,
    0.02491900094051277,
    0.024357061641227206,
    0.02452947567164069,
    0.024237391289309438,
    0.024290213536814927,
    0.024152604247267947,
    0.024115311466958066,
    0.023932906584731774,
    0.023559199350588166,
    0.023374823915775673,
    0.023334794377557245,
    0.023164820236856808,
    0.02306898438763792,
    0.023059907504716506,
    0.023150750357003036,
    0.02265429333930861,
    0.02265249725487719,
    0.022855771955116812,
    0.0224721899701167,
    0.022562088583762064
  ],
  "eval_epochs": [
    1,
    5,
    10,
    15,
    20,
    25,
    30,
    35,
    40,
    45,
    50,
    55,
    60,
    65,
    70,
    75,
    80,
    85,
    90,
    95,
    100
  ],
  "recall_history": [
    0.07541677069082096,
    0.10893845344115013,
    0.12006170218172861,
    0.12614687745828596,
    0.1308338921902673,
    0.13553305331656257,
    0.13833355223764154,
    0.1420262187503047,
    0.14335332698824624,
    0.14663564537614648,
    0.1481636276126776,
    0.14963628663753964,
    0.15133820230346948,
    0.1517269585327942,
    0.15351892802680264,
    0.15522092466347737,
    0.15571144026303999,
    0.15607896829736345,
    0.15662046264803764,
    0.15720409125461537,
    0.15743954109256164
  ],
  "ndcg_history": [
    0.05912856864476546,
    0.09214719062757383,
    0.1010463852714239,
    0.10703869811577374,
    0.11129885280301223,
    0.11411990168778102,
    0.11656200337645067,
    0.1186935320171515,
    0.11980700223924036,
    0.12134377205302471,
    0.12277392178218123,
    0.12350417290101845,
    0.12498202872544953,
    0.1254534820414581,
    0.12654658823377238,
    0.12790000431735782,
    0.12886460087203425,
    0.128688908563741,
    0.12912727966997378,
    0.12944944249441848,
    0.1296574973835741
  ],
  "plot_path": "/kaggle/working/gowalla_table5_part1/l1_l/training_curves.png"
}