{
  "dataset": "Gowalla",
  "model": "LightGCN-single",
  "n_users": 29858,
  "n_items": 40981,
  "n_train": 810128,
  "n_test": 217242,
  "embed_dim": 64,
  "n_layers": 1,
  "lr": 0.001,
  "lambda": 0.0001,
  "batch_size": 1024,
  "epochs_trained": 100,
  "best_epoch": 100,
  "recall@20": 0.1669,
  "ndcg@20": 0.1385,
  "train_losses": [
    0.33629811799104237,
    0.16852570846959403,
    0.1337424667196539,
    0.11723769106696137,
    0.10505439684868763,
    0.09718528451155471,
    0.09141048955273086,
    0.08573106393764354,
    0.0811247851101472,
    0.07715196493075861,
    0.07318831179126174,
    0.07028331608051144,
    0.06822689545874198,
    0.06516451470073496,
    0.06351673752823009,
    0.06203476940052097,
    0.059564892405128356,
    0.05794418037088421,
    0.05642596568662659,
    0.05605539453466683,
    0.05407946978079911,
    0.05308707210078704,
    0.05163173951142657,
    0.050551193849891235,
    0.049317557129222436,
    0.048102556455847434,
    0.047774974120175645,
    0.04762639792450008,
    0.04630069992023458,
    0.0453373781286472,
    0.04466520708793711,
    0.04422079396402338,
    0.043137025841607154,
    0.04248357695608615,
    0.04151594635998705,
    0.041605005191471874,
    0.04064588555559874,
    0.04101564499694388,
    0.03985509863676675,
    0.039410619842248834,
    0.039103810897970624,
    0.0385377420143103,
    0.03772472669800223,
    0.03730447475436967,
    0.037079359248148654,
    0.03636760738420426,
    0.036464721623775176,
    0.03579733604106077,
    0.03549427217209309,
    0.0354221038044667,
    0.034636061904685836,
    0.03460515051251266,
    0.03447162210187779,
    0.03353991001542992,
    0.03363397542514406,
    0.0326732384363559,
    0.03294479095302852,
    0.032761615134690864,
    0.032423306579139985,
    0.03200662979095534,
    0.03186235337385109,
    0.03115749350653587,
    0.030854293443121288,
    0.03092680166224689,
    0.030694707778344866,
    0.03068017864225411,
    0.03011989053079738,
    0.029637528984900446,
    0.02980717756419281,
    0.02965635987641537,
    0.029257770375773668,
    0.029245191513926884,
    0.02881130456745474,
    0.028866420835539152,
    0.028467166283451653,
    0.028430928371366296,
    0.028238012073926542,
    0.02802299290975525,
    0.02736620331835355,
    0.027704373482431082,
    0.027059628116025785,
    0.027295283210262488,
    0.027216511092109867,
    0.02686268261806891,
    0.026630008754505295,
    0.02628505372179745,
    0.02658189388578369,
    0.026371194048538597,
    0.026367904448837003,
    0.025978198522223835,
    0.025911010659326873,
    0.025307226169020803,
    0.025279900940975784,
    0.02530794518419298,
    0.02545414548296618,
    0.025156249594786375,
    0.02534191986232732,
    0.025041738393164314,
    0.024939095534327736,
    0.024737004749947868
  ],
  "eval_epochs": [
    1,
    5,
    10,
    15,
    20,
    25,
    30,
    35,
    40,
    45,
    50,
    55,
    60,
    65,
    70,
    75,
    80,
    85,
    90,
    95,
    100
  ],
  "recall_history": [
    0.0893685264445642,
    0.11327195850631545,
    0.12430130268723413,
    0.1305280303252305,
    0.1347545922888791,
    0.13810087226530543,
    0.14170619716636584,
    0.14536501181989583,
    0.14864984720608557,
    0.1505958966269906,
    0.15332226930834464,
    0.155356484293448,
    0.15703108659471968,
    0.1587317259412651,
    0.16062564315965996,
    0.16122253345863802,
    0.1627246549044351,
    0.16388564840485342,
    0.1647510762439883,
    0.1655332968552881,
    0.16686113770263025
  ],
  "ndcg_history": [
    0.0756601021022068,
    0.09775248032059969,
    0.10735708503523976,
    0.11218383171446465,
    0.11531151424839133,
    0.11780625115449397,
    0.12051795445050005,
    0.12299238392066156,
    0.12536839522216836,
    0.12661660298159313,
    0.12878621571095417,
    0.13048953076017333,
    0.13171749336124408,
    0.1331262063788923,
    0.13389886853904095,
    0.13452626705047543,
    0.1357452375188288,
    0.13671060647251437,
    0.13723770262413457,
    0.13746275222435533,
    0.13851480319626985
  ]
}