{
  "dataset": "yelp",
  "method": "LightGCN-L1-R",
  "norm_mode": "l1_r",
  "n_users": 31668,
  "n_items": 38048,
  "n_train": 1237259,
  "n_test": 324147,
  "embed_dim": 64,
  "n_layers": 3,
  "lr": 0.001,
  "lambda": 0.0001,
  "batch_size": 1024,
  "epochs_trained": 100,
  "best_epoch": 100,
  "recall@20": 0.0562,
  "ndcg@20": 0.0436,
  "train_losses": [
    0.3046596856504087,
    0.2438337327727419,
    0.2291840099982473,
    0.21553046866906006,
    0.20360138252476193,
    0.19445904851305168,
    0.18496651082786897,
    0.1765985906999928,
    0.17042362490755242,
    0.16326325511966913,
    0.15573056611473,
    0.15075246084925553,
    0.14420959776551123,
    0.13784867642903761,
    0.13410432467742867,
    0.1292899978094247,
    0.1252049660211466,
    0.12269647906084132,
    0.11909921337782547,
    0.11636025510999738,
    0.11356759701688952,
    0.11144099477678537,
    0.10870958168972407,
    0.10618398346574298,
    0.10391598681469034,
    0.10254087642957734,
    0.0996642136014998,
    0.09847006528632135,
    0.09659658032253582,
    0.09395766574025943,
    0.09238450918716705,
    0.09122487993923244,
    0.08937855785564575,
    0.0867732631054935,
    0.08690674359361265,
    0.0850516910054135,
    0.08243525644073522,
    0.0821161207169393,
    0.08015240739648606,
    0.07926146900404664,
    0.07833764063108047,
    0.077582480663446,
    0.07694376161050619,
    0.07514684428059995,
    0.07466123198522934,
    0.07373793737728469,
    0.07202495401108402,
    0.0712351233525732,
    0.07029250358225198,
    0.06977465029016433,
    0.06889710115848591,
    0.0677201195052572,
    0.06796290520393591,
    0.06702173478741026,
    0.06495009634693134,
    0.06471771482896331,
    0.06464057964340642,
    0.06414627951156619,
    0.06348934795226384,
    0.06251820445134743,
    0.061708414871615686,
    0.06171378156552646,
    0.06027835046268062,
    0.06018240479999129,
    0.059478677069114534,
    0.05907162184833197,
    0.05896161855290959,
    0.058526311661826064,
    0.057439213484488674,
    0.05754881135699962,
    0.05653606841050779,
    0.05621633973028141,
    0.055404550883154206,
    0.05449263616125809,
    0.055022026902521094,
    0.05376660321154539,
    0.05396201516908674,
    0.05324296487205421,
    0.05232586645496553,
    0.0522771962449596,
    0.05210132199795978,
    0.05132022140923863,
    0.051052804900617,
    0.051070914024006056,
    0.050196211271617094,
    0.05039684312566128,
    0.050349266770980415,
    0.04943128919154899,
    0.04830679674139431,
    0.04852999823124746,
    0.047784222676942975,
    0.04779092458983427,
    0.046977268481035006,
    0.046760146404363656,
    0.04684051094015456,
    0.046721697792669895,
    0.04578675926255913,
    0.04609244321287912,
    0.04602449485995122,
    0.04544785319031864
  ],
  "eval_epochs": [
    1,
    5,
    10,
    15,
    20,
    25,
    30,
    35,
    40,
    45,
    50,
    55,
    60,
    65,
    70,
    75,
    80,
    85,
    90,
    95,
    100
  ],
  "recall_history": [
    0.03450889825430526,
    0.03911213540752357,
    0.041811985957572566,
    0.04373970488171088,
    0.04490548840829213,
    0.045847132719109715,
    0.04690899305719715,
    0.04813310732379998,
    0.04922741379581992,
    0.05029732776598399,
    0.050846941014950464,
    0.051336658596065995,
    0.05211632789998214,
    0.05284370925905563,
    0.053272239651239214,
    0.053763945980490974,
    0.054094457256811654,
    0.05465922705629907,
    0.05516786183277274,
    0.05552631264441612,
    0.056203192356449896
  ],
  "ndcg_history": [
    0.02705778989972097,
    0.030658332098351934,
    0.03281094005399576,
    0.03444339986780021,
    0.03534989371744003,
    0.036054807022042216,
    0.03677160820677667,
    0.037683905289939396,
    0.03844796724038289,
    0.03927818331461817,
    0.03971917686607224,
    0.040097695686715645,
    0.040654626350426104,
    0.041170903222489875,
    0.041489720826945985,
    0.041860263351137,
    0.042173350096333474,
    0.042563992110086685,
    0.04290537988644205,
    0.04317113528816848,
    0.04357452180566542
  ],
  "plot_path": "/kaggle/working/yelp_table5_part1/l1_r/training_curves.png"
}