{
  "dataset": "Yelp",
  "n_users": 31668,
  "n_items": 38048,
  "n_train": 1237259,
  "n_test": 324147,
  "embed_dim": 64,
  "n_layers": 4,
  "lr": 0.001,
  "lambda": 0.0001,
  "batch_size": 1024,
  "epochs_trained": 100,
  "best_epoch": 100,
  "recall@20": 0.0603,
  "ndcg@20": 0.0475,
  "train_losses": [
    0.23972440531958414,
    0.16128020060698914,
    0.1527481171925435,
    0.14816545018469854,
    0.14091817892175043,
    0.13385192029153473,
    0.12585176703896347,
    0.12013265739090198,
    0.11457012578326937,
    0.11123323978375126,
    0.10818550648130723,
    0.10509153611538623,
    0.10272296701884823,
    0.10160332192228921,
    0.09951850159451464,
    0.0965649127183075,
    0.09450527051130668,
    0.0929314954644254,
    0.09022298684368367,
    0.0886900736148537,
    0.08678592692764588,
    0.08535075028864852,
    0.08416206376096666,
    0.08177051756111596,
    0.08077952188334817,
    0.08006461316238571,
    0.07870155151328997,
    0.07656899946649244,
    0.07532802244821032,
    0.07498823521066679,
    0.07411545786747573,
    0.07250648182785965,
    0.07203128907077064,
    0.07121672378914641,
    0.07108236379329337,
    0.06968701955251741,
    0.0684770269300912,
    0.06825916647343644,
    0.06741777741479756,
    0.06692985111280092,
    0.06621700006888698,
    0.06521997901469173,
    0.06455179210752249,
    0.0640821563086121,
    0.06406910430997709,
    0.063464200525045,
    0.06266972953021921,
    0.062021310731077826,
    0.061881217982200594,
    0.0612796567756658,
    0.06082536175612681,
    0.06091378423823229,
    0.05938336125803211,
    0.05950146291824366,
    0.059249236812778064,
    0.05931228920447313,
    0.058613840647855936,
    0.05817176992789108,
    0.057922950924207635,
    0.05786328976172091,
    0.05651038775331532,
    0.056805881196694656,
    0.05613696400618908,
    0.05592881123664857,
    0.05585755646191784,
    0.05536264796981847,
    0.05529571987614529,
    0.05516209795343264,
    0.05454921170557226,
    0.054243721450302776,
    0.05375296348977267,
    0.05337118390417158,
    0.05330147793738554,
    0.05303139706752849,
    0.05260974549478697,
    0.05231649046979647,
    0.052362636225113016,
    0.052147019333792045,
    0.051846537274919106,
    0.05134654422722362,
    0.05125865929556505,
    0.05112985697642758,
    0.05076122441982838,
    0.05060852468723049,
    0.049895889301543796,
    0.049697250359081076,
    0.05011961951124056,
    0.049194795620744886,
    0.04940776277598709,
    0.04907027727443207,
    0.04913439227126243,
    0.048697513577509795,
    0.04835640077960264,
    0.048539586801587646,
    0.04817330554460749,
    0.047996299017516786,
    0.047806397075795676,
    0.04753827473568107,
    0.047478348702895426,
    0.04707630772131267
  ],
  "eval_epochs": [
    1,
    5,
    10,
    15,
    20,
    25,
    30,
    35,
    40,
    45,
    50,
    55,
    60,
    65,
    70,
    75,
    80,
    85,
    90,
    95,
    100
  ],
  "recall_history": [
    0.033836675179918105,
    0.03795266653500179,
    0.04267067304841964,
    0.044356289147393736,
    0.04606184925062538,
    0.04733205467903482,
    0.048538106289358174,
    0.04996996094541836,
    0.05134390599418946,
    0.05266650287141049,
    0.0538027698122007,
    0.05502530810293097,
    0.05596656556322375,
    0.05667387540088523,
    0.057133541416015864,
    0.05754900567108847,
    0.058494043467147455,
    0.059082553888777666,
    0.05943651867566668,
    0.05978318345414106,
    0.06027362732590779
  ],
  "ndcg_history": [
    0.026489818320796697,
    0.02959791597512856,
    0.0332205015039396,
    0.03441223965856359,
    0.03592066599762689,
    0.03706337057896,
    0.03825508664790481,
    0.03929167525252174,
    0.040225548442362806,
    0.041092355970879194,
    0.04200533381643907,
    0.04285782038433897,
    0.043700366221127704,
    0.04430666484998851,
    0.044683637822750116,
    0.045268694731881574,
    0.045924811573045114,
    0.046380906314225534,
    0.04674540626048297,
    0.04699871370481825,
    0.047490517239315654
  ]
}