{
  "dataset": "Yelp",
  "n_users": 31668,
  "n_items": 38048,
  "n_train": 1237259,
  "n_test": 324147,
  "embed_dim": 64,
  "n_layers": 2,
  "lr": 0.001,
  "lambda": 0.0001,
  "batch_size": 1024,
  "epochs_trained": 100,
  "best_epoch": 100,
  "recall@20": 0.0614,
  "ndcg@20": 0.0485,
  "train_losses": [
    0.25879015285053003,
    0.15512758984989086,
    0.14274782173039502,
    0.13406760782151428,
    0.12610823141151903,
    0.11822454263733713,
    0.11214972090666854,
    0.10699802286158137,
    0.10271116120383045,
    0.09890597115042589,
    0.09595481330985266,
    0.09302888902533331,
    0.08995119816876504,
    0.08742916060377233,
    0.08471699831205488,
    0.08183220226243632,
    0.08008336483667426,
    0.07808697589407891,
    0.07549754897169522,
    0.07425820771666454,
    0.07285503571890048,
    0.0710107238087433,
    0.06999177192121941,
    0.06845741589177425,
    0.06725727071960931,
    0.06538929553110374,
    0.06448064749098278,
    0.06423668568300096,
    0.06277611873587531,
    0.061653537450617316,
    0.061261396648497966,
    0.06014693024204366,
    0.05951706600060921,
    0.05875927870723092,
    0.05747996728608249,
    0.05715951453956054,
    0.05613705684239698,
    0.05600712949792478,
    0.054609125951884795,
    0.05445479278434191,
    0.053811308895453616,
    0.05327062310792802,
    0.05222034280262394,
    0.05190965771483911,
    0.05118328199678699,
    0.05036722022318436,
    0.04962184149710252,
    0.04987349489469402,
    0.04915209997766065,
    0.04820233351390636,
    0.04804932231712618,
    0.04743252030808158,
    0.046901842651716034,
    0.04679988769641676,
    0.04592516460295594,
    0.04575122715843632,
    0.04547101708240067,
    0.044675708731439036,
    0.044274893228507396,
    0.043770643757557536,
    0.04323525636592596,
    0.04327574770262354,
    0.04308434932751717,
    0.04240290124419559,
    0.04187907535268228,
    0.041642618098832816,
    0.04169986360330159,
    0.04088001312003378,
    0.04051286809220417,
    0.04007795603563454,
    0.04000814694800223,
    0.0397050872149057,
    0.039532778650485226,
    0.03902672958677474,
    0.038674817785978415,
    0.038468202824291114,
    0.03806245704459039,
    0.03776590611526607,
    0.03774480515357033,
    0.03714513703594786,
    0.03709189773117815,
    0.036748417679356125,
    0.03629144443205206,
    0.03635758420588165,
    0.035835009421351434,
    0.035486052045598626,
    0.03538489516127534,
    0.03495072817664273,
    0.034674179997751554,
    0.03451808911920926,
    0.034122966951536424,
    0.03406075869119473,
    0.033466756811044766,
    0.03351855848835695,
    0.03331495881148472,
    0.033024076295288786,
    0.03261681641637045,
    0.03221667894711163,
    0.03227547426023428,
    0.03177691110724349
  ],
  "eval_epochs": [
    1,
    5,
    10,
    15,
    20,
    25,
    30,
    35,
    40,
    45,
    50,
    55,
    60,
    65,
    70,
    75,
    80,
    85,
    90,
    95,
    100
  ],
  "recall_history": [
    0.03433405138775766,
    0.03966958944319478,
    0.04312395179736776,
    0.04560604943216424,
    0.0478810418157967,
    0.04939347085029363,
    0.05111421271458807,
    0.052976533287281524,
    0.05428542721819821,
    0.055652114989808724,
    0.056418464051758245,
    0.05752484164141255,
    0.058215422128177305,
    0.05855195526011692,
    0.05837621105676974,
    0.059161248832673353,
    0.05970882911515122,
    0.06009870679760066,
    0.06069861104191884,
    0.060801257371825644,
    0.06139416836221343
  ],
  "ndcg_history": [
    0.026970949225868162,
    0.030981296178212013,
    0.03376008132697333,
    0.03584906043362307,
    0.0375759368078901,
    0.0385537684728011,
    0.040151855423433566,
    0.04143798929268628,
    0.042547637226314446,
    0.04356064591860171,
    0.04415981392808752,
    0.04518025796513956,
    0.04569176341653387,
    0.04601335565877191,
    0.046297380902014976,
    0.046667560523545176,
    0.047200003631833416,
    0.04751117744478829,
    0.047902355053226604,
    0.048291590808871396,
    0.048477658413579296
  ]
}