{
  "dataset": "Gowalla",
  "model": "LightGCN-single",
  "n_users": 29858,
  "n_items": 40981,
  "n_train": 810128,
  "n_test": 217242,
  "embed_dim": 64,
  "n_layers": 2,
  "lr": 0.001,
  "lambda": 0.0001,
  "batch_size": 1024,
  "epochs_trained": 100,
  "best_epoch": 100,
  "recall@20": 0.1612,
  "ndcg@20": 0.1343,
  "train_losses": [
    0.28365881808865084,
    0.1506689679532226,
    0.1263434800087426,
    0.11483288505473721,
    0.10596770788489944,
    0.10028832060121254,
    0.09554158769519681,
    0.09028486665879881,
    0.08502511920786537,
    0.08359221666203588,
    0.08056171350039815,
    0.07831407276214149,
    0.07622438180819625,
    0.07434139776075384,
    0.07214039469469814,
    0.07082287044595226,
    0.0686718680284795,
    0.06812231336377665,
    0.06657761965516847,
    0.06568136238569557,
    0.06464489627577713,
    0.06302914062959958,
    0.0621504071727866,
    0.06194097881691646,
    0.06107893564965571,
    0.06004909249835008,
    0.05861667093412312,
    0.0587014332884633,
    0.05802455509149772,
    0.05772707175684789,
    0.05781042011155642,
    0.05665073376596351,
    0.05594203729469767,
    0.05551642570385589,
    0.055515994380231755,
    0.055206937927343,
    0.0541779904257784,
    0.05379423975012019,
    0.053600931702612625,
    0.05324713221966618,
    0.05218837906602963,
    0.05111546704708098,
    0.05154313208292769,
    0.05093845267522275,
    0.05091951613452205,
    0.05020408540982965,
    0.04989584462126121,
    0.050556150485211615,
    0.049830052801484406,
    0.04940416660823879,
    0.048915499694146186,
    0.04918590552549145,
    0.049148082102068454,
    0.04870193735396139,
    0.04787631909328827,
    0.04713551476644882,
    0.047944581416328395,
    0.0474444867904132,
    0.046891793283703354,
    0.04664102515533058,
    0.046926735986292586,
    0.04612292794159857,
    0.045773996270995224,
    0.04654033782075992,
    0.04611403372859307,
    0.04598365134445364,
    0.04526458800488944,
    0.045169628504310486,
    0.045394355925706634,
    0.04469772882750152,
    0.044675693723612124,
    0.0444735385826053,
    0.044263544291088315,
    0.04399101735197488,
    0.043707658323622986,
    0.04435646430825916,
    0.04409281024768214,
    0.04360110193547497,
    0.04332982264600421,
    0.04312562492503002,
    0.04305549095444824,
    0.04307840520565489,
    0.043426645552332124,
    0.04249940750421073,
    0.04270668455909386,
    0.04229172306222424,
    0.04227251160828639,
    0.042842927121577314,
    0.04245493293759871,
    0.04192438043239521,
    0.04227643288370556,
    0.04202279076922106,
    0.041646186321239106,
    0.04232872454108089,
    0.04165625466474163,
    0.04118614851269876,
    0.04147220272971164,
    0.04153424334699375,
    0.04103661774788358,
    0.041253630050685254
  ],
  "eval_epochs": [
    1,
    5,
    10,
    15,
    20,
    25,
    30,
    35,
    40,
    45,
    50,
    55,
    60,
    65,
    70,
    75,
    80,
    85,
    90,
    95,
    100
  ],
  "recall_history": [
    0.09117821291990105,
    0.11275520535448898,
    0.12460366176103561,
    0.13016661109480476,
    0.13445211134137725,
    0.13853874110143916,
    0.14123607138336466,
    0.1440944544570427,
    0.14625683290681343,
    0.1485791389170359,
    0.15080719819629665,
    0.1520142584945695,
    0.1536377801132791,
    0.1542381629524694,
    0.15556646730501314,
    0.1568631137923456,
    0.1579961309337934,
    0.1586581293747043,
    0.1597411754608967,
    0.16074879299685893,
    0.16124704429603484
  ],
  "ndcg_history": [
    0.07806882544237162,
    0.09698122155957777,
    0.10702679082961943,
    0.11115334372127857,
    0.11418739318772177,
    0.11731257642264538,
    0.11940152014583091,
    0.12162714211652002,
    0.12343612475816,
    0.12519396115147316,
    0.12676064808883578,
    0.1276695447550691,
    0.12881604610985395,
    0.12941416789026966,
    0.13049089751206155,
    0.13132088037087128,
    0.13223747738974803,
    0.1325463895697762,
    0.13334117267282364,
    0.13428899200454358,
    0.13433669957176775
  ]
}