{
  "dataset": "Yelp",
  "n_users": 31668,
  "n_items": 38048,
  "n_train": 1237259,
  "n_test": 324147,
  "embed_dim": 64,
  "n_layers": 3,
  "lr": 0.001,
  "lambda": 0.0001,
  "batch_size": 1024,
  "epochs_trained": 100,
  "best_epoch": 100,
  "recall@20": 0.0609,
  "ndcg@20": 0.0482,
  "train_losses": [
    0.24419592167960097,
    0.1600465162885406,
    0.15028285750169432,
    0.14249208234620608,
    0.13477377587349604,
    0.12724656912664703,
    0.11967482282132502,
    0.11523750900531447,
    0.110066161527983,
    0.10643671237129644,
    0.10399405887683495,
    0.10106133896586121,
    0.09743558024272125,
    0.0961443690416582,
    0.09332136141555693,
    0.09075087053849307,
    0.08815520821410595,
    0.08593278389658458,
    0.08456426155475887,
    0.08248400489879859,
    0.08062377724401801,
    0.07898979012034094,
    0.0773513408205071,
    0.07625451137231576,
    0.07551570541058845,
    0.07383975744654504,
    0.07173293046591593,
    0.07141528662220137,
    0.07029700861466641,
    0.06947712688737653,
    0.06885345301757388,
    0.06735801936084071,
    0.06719546970781802,
    0.06629602729484735,
    0.06491727091446026,
    0.0641141159225576,
    0.063833414919255,
    0.06284193644016389,
    0.06242652158160379,
    0.061826237579129195,
    0.060654509013876416,
    0.05994663820509484,
    0.059697506051905304,
    0.05892046246467935,
    0.05848632154628536,
    0.05839934933079493,
    0.057269114510631124,
    0.05658586305991703,
    0.05593156059648817,
    0.05552474949632259,
    0.05523754064061537,
    0.05487929089981693,
    0.05447466775084173,
    0.053695606391580886,
    0.053381969971853675,
    0.0531751867537911,
    0.052815918816833306,
    0.05247857846282669,
    0.05201955950997819,
    0.051564774027291614,
    0.05112474343264537,
    0.050583872407526764,
    0.05004744970591258,
    0.050034432525481315,
    0.049784920286288524,
    0.04915238880484507,
    0.048854188384512894,
    0.048598953624508834,
    0.048334453652754725,
    0.047821561574615194,
    0.0478650906265078,
    0.047542754128970056,
    0.047005300588955155,
    0.04702159138673929,
    0.046297013684058724,
    0.04641343012686498,
    0.045460175938706916,
    0.04521008986140916,
    0.04559242379364391,
    0.045004670272291394,
    0.04445350099823728,
    0.04444607782997931,
    0.044044101394910294,
    0.043598098399746696,
    0.043925924588993984,
    0.04345791180470083,
    0.04356451833232102,
    0.04266195249318189,
    0.042973727971586766,
    0.04255825281451574,
    0.04216090070904041,
    0.04221243589703265,
    0.041744963145685314,
    0.04150577419782859,
    0.04139664497022943,
    0.04101994085366165,
    0.04099054652457403,
    0.040813945654767335,
    0.04042192297796441,
    0.040052084175142035
  ],
  "eval_epochs": [
    1,
    5,
    10,
    15,
    20,
    25,
    30,
    35,
    40,
    45,
    50,
    55,
    60,
    65,
    70,
    75,
    80,
    85,
    90,
    95,
    100
  ],
  "recall_history": [
    0.033889741642907104,
    0.03864108735363333,
    0.042942735333883486,
    0.0448287679929267,
    0.04692993374260727,
    0.04835909728218215,
    0.05036963629474672,
    0.051560199238140925,
    0.053146616136913745,
    0.054335176224203065,
    0.05553465896560162,
    0.05615782701880438,
    0.057091839780756416,
    0.057801747423451795,
    0.05866066891181238,
    0.05912449290795543,
    0.05976421643766592,
    0.0600274951354909,
    0.060118813890545374,
    0.06006534730261411,
    0.06090872935611256
  ],
  "ndcg_history": [
    0.02646499547349856,
    0.030080308298248162,
    0.03339108737677299,
    0.03495799432484751,
    0.03683595593940532,
    0.037868134699495355,
    0.03927345383615791,
    0.040282018056945666,
    0.041507916489769606,
    0.042363852310589714,
    0.04335216771059,
    0.04400767874634138,
    0.044757803583285224,
    0.04537296127782443,
    0.04609925117491006,
    0.04650109698368065,
    0.04707363280324997,
    0.04724731415782271,
    0.04757218722811135,
    0.047553775912038944,
    0.048195310274899414
  ]
}