{
  "dataset": "Amazon",
  "n_users": 52643,
  "n_items": 91599,
  "n_train": 2380730,
  "n_test": 603378,
  "embed_dim": 64,
  "n_layers": 1,
  "lr": 0.001,
  "lambda": 0.0001,
  "batch_size": 1024,
  "epochs_trained": 100,
  "best_epoch": 80,
  "recall@20": 0.0365,
  "ndcg@20": 0.0278,
  "train_losses": [
    0.3480758010802499,
    0.19114611301692955,
    0.1500127640313977,
    0.12841398235275803,
    0.11348674123827848,
    0.10251000694763845,
    0.09413033337837243,
    0.08713270449552447,
    0.08114433089005095,
    0.07672999663320137,
    0.07206081423953355,
    0.06842433487300772,
    0.06465844086430672,
    0.06141353622495666,
    0.05881217445075358,
    0.056302175554166355,
    0.05397215101742883,
    0.05184395256790488,
    0.049802705710481295,
    0.047806541051510436,
    0.04630072954833738,
    0.04455249687887587,
    0.04310441302478621,
    0.04190246182575617,
    0.04051722409668508,
    0.03935720864763538,
    0.038187170968665106,
    0.03704216105065176,
    0.03627936903983611,
    0.035125544214165944,
    0.034126690668238265,
    0.03328531614156911,
    0.03226104389600417,
    0.03174464218478759,
    0.030859648084938015,
    0.030008160431024566,
    0.029662794796605683,
    0.028884529464328325,
    0.028004818335063308,
    0.027374106456113663,
    0.026709596763914788,
    0.026322105166096746,
    0.02610750204247139,
    0.025486152770202896,
    0.02494955772378525,
    0.024561412771923304,
    0.024085077996527624,
    0.023493663357769534,
    0.023290918088837074,
    0.022833933913519223,
    0.022373825483178005,
    0.02203968167345067,
    0.021782291100140846,
    0.02152961652915085,
    0.021009634507390417,
    0.020615177451858934,
    0.020388468573424523,
    0.020312678325350643,
    0.0197959512186825,
    0.019865495993927274,
    0.01939825272578714,
    0.01903675213494625,
    0.018922928459830134,
    0.018618939584682147,
    0.01839505633613393,
    0.018216258214655206,
    0.017951789831826,
    0.017676667165629913,
    0.01759275326604687,
    0.017499646147281868,
    0.017262716490090882,
    0.017219118524676193,
    0.016884039811350778,
    0.016682156268266798,
    0.016633675595394394,
    0.01660309376422694,
    0.01646561526313501,
    0.016306406407971288,
    0.01593184301997543,
    0.015938699438610145,
    0.01588142609741481,
    0.01567807248529053,
    0.015450043210049646,
    0.015468347367025886,
    0.015542385075401623,
    0.015167927661214966,
    0.01515714438205742,
    0.015200642666101405,
    0.01499013833981328,
    0.014910329934153482,
    0.014734738786094109,
    0.014760105823376658,
    0.014661081005633198,
    0.014609966798374516,
    0.014360670155802302,
    0.014371694585992899,
    0.014219919719738107,
    0.014115786298319197,
    0.014244695364781327,
    0.014085475400670492
  ],
  "eval_epochs": [
    1,
    5,
    10,
    15,
    20,
    25,
    30,
    35,
    40,
    45,
    50,
    55,
    60,
    65,
    70,
    75,
    80,
    85,
    90,
    95,
    100
  ],
  "recall_history": [
    0.014026168717153616,
    0.022825712345014255,
    0.02603037249569647,
    0.02842614008911164,
    0.02998501327923271,
    0.031332843436711055,
    0.03258074698581356,
    0.03327711487230845,
    0.034028925486095526,
    0.03442036635520397,
    0.035300534572481314,
    0.035419085531360125,
    0.03590883454585311,
    0.03629276810922531,
    0.03629825886824994,
    0.036130386344192154,
    0.03651919227952707,
    0.0364552548617241,
    0.036403572599012356,
    0.03649794304668874,
    0.03635220377804749
  ],
  "ndcg_history": [
    0.010796295411141682,
    0.01731156203759894,
    0.019587149255857618,
    0.02132940195961302,
    0.022407752828142977,
    0.023457489887278228,
    0.024593647540479987,
    0.025179879703190553,
    0.025729553192698165,
    0.026037964573742415,
    0.026727271133137352,
    0.026790841626008574,
    0.027283793103405625,
    0.02750473868585358,
    0.02743002712031332,
    0.027370582121516017,
    0.027751504470280627,
    0.027608794056887046,
    0.027582793260299734,
    0.02773199692617337,
    0.02741210062435886
  ]
}