{
  "dataset": "Gowalla",
  "n_users": 29858,
  "n_items": 40981,
  "n_train": 810128,
  "n_test": 217242,
  "embed_dim": 64,
  "n_layers": 2,
  "lr": 0.001,
  "lambda": 0.0001,
  "batch_size": 1024,
  "epochs_trained": 100,
  "best_epoch": 100,
  "recall@20": 0.1694,
  "ndcg@20": 0.1423,
  "train_losses": [
    0.36853993295040804,
    0.18246040302040303,
    0.1407296588425389,
    0.12025870184982772,
    0.1068900800704504,
    0.0976044157456357,
    0.09110283921325553,
    0.08504677432978952,
    0.08067079092341789,
    0.07662992229786443,
    0.07228700935784091,
    0.06988216270180478,
    0.06640781349633196,
    0.06413445830834952,
    0.06147715565189248,
    0.05976449028505236,
    0.05667058501378474,
    0.05528273371751179,
    0.053453704938009924,
    0.05217445601724493,
    0.050997180065938404,
    0.04933816729544387,
    0.047876038370764665,
    0.04657656677754881,
    0.046103554404565567,
    0.04442878008623491,
    0.043543385923398584,
    0.04246046129194961,
    0.04205416839489744,
    0.04158185357899039,
    0.03974695488640994,
    0.039035035987230376,
    0.03878675445010026,
    0.03795083501528096,
    0.03716762575136048,
    0.0364729338402091,
    0.0360034620754336,
    0.035126987423196754,
    0.03480786959700729,
    0.03406647135716699,
    0.03359617331735178,
    0.032901367028956165,
    0.03208571729190205,
    0.03205661405485439,
    0.03167492663899882,
    0.031135909060338883,
    0.030676974056644175,
    0.030328448998415667,
    0.029731856865099573,
    0.02914115498089685,
    0.028593433707688763,
    0.028655830923792838,
    0.02842834510036312,
    0.027675539590700914,
    0.02708639261605955,
    0.027100700593062507,
    0.026700692489159242,
    0.026544205355781746,
    0.025802568996421683,
    0.025869057306551226,
    0.024920688725433366,
    0.02540284101103636,
    0.025104015984357006,
    0.024731591615858858,
    0.024312098236229415,
    0.02359834371320668,
    0.023807935933576597,
    0.023498497060329363,
    0.023448250123432705,
    0.023160971497455152,
    0.023058255204245655,
    0.02282690521160096,
    0.022295897541621843,
    0.022553220539625767,
    0.021909181773898046,
    0.022128916066493157,
    0.02186452057306783,
    0.021271898319377234,
    0.021211098336794812,
    0.02112155134392862,
    0.020942504189239743,
    0.021075336360307846,
    0.020898914519184082,
    0.02063787603390541,
    0.02050658137044209,
    0.019949287563496457,
    0.020083704883263324,
    0.02005365069051345,
    0.01947134645483851,
    0.01965151417543629,
    0.01932640041562572,
    0.019455764646372286,
    0.019100743135161857,
    0.018949377476490854,
    0.01898898951610369,
    0.01841227388346165,
    0.01839021902164037,
    0.018576789025674126,
    0.018301753205978388,
    0.018247193513219108
  ],
  "eval_epochs": [
    1,
    5,
    10,
    15,
    20,
    25,
    30,
    35,
    40,
    45,
    50,
    55,
    60,
    65,
    70,
    75,
    80,
    85,
    90,
    95,
    100
  ],
  "recall_history": [
    0.08902202280866309,
    0.11451034012669131,
    0.12495943379396887,
    0.132069945508194,
    0.13700387077284962,
    0.14137079695905266,
    0.14620014017649752,
    0.14965371989863,
    0.1532114851287788,
    0.1556425905087205,
    0.15812389666716023,
    0.1598892653071305,
    0.16120851655414387,
    0.16332113057933165,
    0.1644011356544891,
    0.16583864684013702,
    0.16689351470266717,
    0.1667216050321715,
    0.1674938156271805,
    0.16832188978447832,
    0.16942643747906355
  ],
  "ndcg_history": [
    0.0740074581807289,
    0.0973083190604015,
    0.10656083997349786,
    0.11208390691326668,
    0.11629650908320491,
    0.12012659108933213,
    0.12385574933108272,
    0.1263750204192236,
    0.12927275041280414,
    0.13104917218585874,
    0.13315089462224003,
    0.13467747538183766,
    0.1357357260393748,
    0.1372321266301569,
    0.13813782452104795,
    0.13903931141707282,
    0.13982323888867695,
    0.13994704131858868,
    0.14056501872536284,
    0.14141849501786682,
    0.14228766502295162
  ]
}