{
  "dataset": "yelp",
  "method": "LightGCN-L1-L",
  "norm_mode": "l1_l",
  "n_users": 31668,
  "n_items": 38048,
  "n_train": 1237259,
  "n_test": 324147,
  "embed_dim": 64,
  "n_layers": 3,
  "lr": 0.001,
  "lambda": 0.0001,
  "batch_size": 1024,
  "epochs_trained": 100,
  "best_epoch": 100,
  "recall@20": 0.0598,
  "ndcg@20": 0.0469,
  "train_losses": [
    0.24245123366597077,
    0.13884170127674839,
    0.12783609419469014,
    0.11941222781130414,
    0.11095146738634204,
    0.10411133262520002,
    0.09905099923666937,
    0.09496541688255719,
    0.09272574715390308,
    0.09023175330598228,
    0.08754981798274035,
    0.08537287553710653,
    0.08328063945773224,
    0.08147265657856567,
    0.07929883296570636,
    0.07723853890383184,
    0.07602401857652905,
    0.0744179789260622,
    0.07307179082518085,
    0.07117279107676239,
    0.07008587411722007,
    0.06953608776313185,
    0.06772700847983854,
    0.06694089447067963,
    0.06637465619229224,
    0.0656365571999984,
    0.06459150938563887,
    0.06357371142528803,
    0.06283025211031666,
    0.06204563503258473,
    0.06157635621393457,
    0.06072823803205758,
    0.06011556266862529,
    0.059661442617460196,
    0.05890704369147783,
    0.0585035766036996,
    0.0576656560524558,
    0.0572485915008957,
    0.056181656452672965,
    0.05602013681312123,
    0.0554052179383225,
    0.055179891725447,
    0.055177619138004765,
    0.05468300529231398,
    0.05407286027680762,
    0.05349083499680736,
    0.05265283793062959,
    0.05277162670490906,
    0.05205541974494838,
    0.05164772015996277,
    0.05149576426884591,
    0.05102183141079515,
    0.050823682533663435,
    0.050680261729778533,
    0.05018134577822754,
    0.049501256565470865,
    0.049491949828144234,
    0.04887173965338938,
    0.04850277014921685,
    0.048027993785834174,
    0.04813101009114195,
    0.047708457824619896,
    0.047483700435509944,
    0.04702785158906107,
    0.04660411900069737,
    0.04661945899522907,
    0.04638285139754464,
    0.046098598538102296,
    0.04574720249727171,
    0.04577317331078777,
    0.04530773005627145,
    0.04476205423313952,
    0.044523232355898876,
    0.04436964866248829,
    0.044263975724072153,
    0.04376982025407403,
    0.043869964497793,
    0.043802237289260755,
    0.04350255952919802,
    0.04280048338634684,
    0.0425780432943304,
    0.04293990305267176,
    0.042453243040991635,
    0.04228600778999362,
    0.041899754932544976,
    0.04184835128924063,
    0.04137698386098869,
    0.04173974929352766,
    0.04140843078031495,
    0.041274047024942785,
    0.040941308506931,
    0.040896830081150234,
    0.040493966367046365,
    0.040244706280356805,
    0.040282875458271986,
    0.039878744915719855,
    0.04000353685500014,
    0.03957487415485331,
    0.03978534573719942,
    0.039302000634076184
  ],
  "eval_epochs": [
    1,
    5,
    10,
    15,
    20,
    25,
    30,
    35,
    40,
    45,
    50,
    55,
    60,
    65,
    70,
    75,
    80,
    85,
    90,
    95,
    100
  ],
  "recall_history": [
    0.02969401387524776,
    0.04106081706134116,
    0.043851187857725404,
    0.0461955862881722,
    0.04799065771946139,
    0.04956661054194696,
    0.05113598364984985,
    0.05195454744577342,
    0.053125131355558464,
    0.054137964867237855,
    0.05522128919294163,
    0.055569072030474634,
    0.05634383219523664,
    0.05714589088798828,
    0.05802561394461368,
    0.0581869985452692,
    0.058517702058923315,
    0.05892319878516669,
    0.05929740431692738,
    0.05938890643922092,
    0.059781829744054736
  ],
  "ndcg_history": [
    0.0226877591541549,
    0.03179119245152736,
    0.03421477801427204,
    0.036008910660040146,
    0.03757616094189472,
    0.03862669243878748,
    0.04000923466050736,
    0.0406084299480748,
    0.04154476341495884,
    0.04254007686865178,
    0.043172797104582245,
    0.043678082376912675,
    0.04443725861012999,
    0.04479182053633023,
    0.04537897864013998,
    0.045811596367106355,
    0.04599624862646009,
    0.046230578610769714,
    0.04636488265605427,
    0.04663351316245996,
    0.04693458831859801
  ],
  "plot_path": "/kaggle/working/yelp_table5_part1/l1_l/training_curves.png"
}