{
  "dataset": "gowalla1",
  "method": "LightGCN-L",
  "norm_mode": "l",
  "n_users": 29858,
  "n_items": 40981,
  "n_train": 810128,
  "n_test": 217242,
  "embed_dim": 64,
  "n_layers": 3,
  "lr": 0.001,
  "lambda": 0.0001,
  "batch_size": 1024,
  "epochs_trained": 100,
  "best_epoch": 10,
  "recall@20": 0.158,
  "ndcg@20": 0.1295,
  "train_losses": [
    0.08636670993869434,
    0.05666741091338859,
    0.04787190944926552,
    0.0432094304307862,
    0.0388015818295885,
    0.035855394781022024,
    0.032430215902372196,
    0.031163167594620008,
    0.028985645288811094,
    0.02922102308793255,
    0.027497062118731052,
    0.027219394615153145,
    0.02548561439532716,
    0.02479382186560561,
    0.023185801864501594,
    0.024019591369302342,
    0.022727216279555665,
    0.02230444194115557,
    0.022523062252445446,
    0.021890181063188123,
    0.022325171666354053,
    0.021663836961466107,
    0.020379641524830412,
    0.01969725529159338,
    0.020604847914182527,
    0.020117587772993942,
    0.020318677724696997,
    0.019459619349888355,
    0.018969827769594987,
    0.020365028766922266,
    0.0194432181156065,
    0.019809724911388042,
    0.01896996081891492,
    0.01935050468897746,
    0.019035179403024183,
    0.019285654166110527,
    0.01837390630288749,
    0.019034650935155637,
    0.01919260628841695,
    0.018954074903162886,
    0.019412496174872864,
    0.01688169861049303,
    0.01876792282145117,
    0.018159647930652497,
    0.017881777397649512,
    0.018824995577355372,
    0.01846077324152605,
    0.018993618409693897,
    0.018015035056563825,
    0.019414943622015464,
    0.01825964859555512,
    0.018937171783443073,
    0.018105546261982193,
    0.01873584181646076,
    0.017927290550750995,
    0.017246697145701397,
    0.018677855248700748,
    0.0186621077540778,
    0.018085210527736085,
    0.017738692871737616,
    0.018927164905022845,
    0.017882080907258176,
    0.018009227223390555,
    0.01778550868756497,
    0.017107491403689792,
    0.017839271307722154,
    0.018003637587337244,
    0.018390189032773833,
    0.01877147990066085,
    0.019210175051151947,
    0.01797575984194618,
    0.01840007669653263,
    0.017022622977771976,
    0.018831377229744546,
    0.01779042689832323,
    0.01764440961503253,
    0.018254068692102346,
    0.017908018046248864,
    0.017871356938786654,
    0.018755547547705267,
    0.018075972487817386,
    0.017655705224237535,
    0.01754711299364051,
    0.01796855257069645,
    0.019564546453065972,
    0.018124057696976226,
    0.018826835594441996,
    0.018825494005361293,
    0.018085060932502204,
    0.017414321824755195,
    0.018085971961501992,
    0.018462568196831872,
    0.01835805840770256,
    0.018541426799647445,
    0.018976648432919675,
    0.016934973743182574,
    0.017972135128010082,
    0.01819417616106657,
    0.019006571833497,
    0.01829549032643169
  ],
  "eval_epochs": [
    1,
    5,
    10,
    15,
    20,
    25,
    30,
    35,
    40,
    45,
    50,
    55,
    60,
    65,
    70,
    75,
    80,
    85,
    90,
    95,
    100
  ],
  "recall_history": [
    0.1376986806119451,
    0.15360257435877162,
    0.15803517667034814,
    0.15678630459872275,
    0.15285507700435627,
    0.15308644625324835,
    0.15250229242944757,
    0.1454096394030171,
    0.14681057044536722,
    0.14839681359358114,
    0.1476217228609378,
    0.1444538611017962,
    0.14026163202397815,
    0.1449119282510287,
    0.14669701884094707,
    0.14092135860594304,
    0.14318674302855972,
    0.14184908102765748,
    0.13941124083315368,
    0.13926427385515608,
    0.13546587225880627
  ],
  "ndcg_history": [
    0.11755315424587694,
    0.12780466432702586,
    0.12952707753046108,
    0.12780901321542187,
    0.12299608769858407,
    0.12423509335111868,
    0.12324113885940136,
    0.1175358615785526,
    0.11741098295042256,
    0.11983284755081966,
    0.11939883001462878,
    0.11555969038072951,
    0.11207784566413624,
    0.11660012383462268,
    0.11795313744882953,
    0.11273232142851246,
    0.115483819894399,
    0.11381594882856358,
    0.11284134239166924,
    0.11133907735929448,
    0.10882234389674127
  ],
  "plot_path": "/kaggle/working/gowalla_table5_part2/l/training_curves.png"
}