{
  "dataset": "Gowalla",
  "n_users": 29858,
  "n_items": 40981,
  "n_train": 810128,
  "n_test": 217242,
  "embed_dim": 64,
  "n_layers": 4,
  "lr": 0.001,
  "lambda": 0.0001,
  "batch_size": 1024,
  "epochs_trained": 100,
  "best_epoch": 100,
  "recall@20": 0.168,
  "ndcg@20": 0.1399,
  "train_losses": [
    0.3325671109402677,
    0.1896447072891158,
    0.15951674080226574,
    0.1413527246654109,
    0.1284761560795883,
    0.11691515237168325,
    0.10935078644194886,
    0.10286148023401892,
    0.09776231282015063,
    0.09322769850417124,
    0.08903535594398394,
    0.08522574516430063,
    0.08273700846526325,
    0.07929278171695439,
    0.07669772319825349,
    0.07423132387203,
    0.07179035302887372,
    0.07055149867885785,
    0.06824522376927052,
    0.06547913755915409,
    0.06439016327054703,
    0.06313078104036798,
    0.061430911593581876,
    0.060203999648278037,
    0.05831865787355396,
    0.057809026577473444,
    0.05687012555202476,
    0.05598514326453661,
    0.05543308166313714,
    0.05288804009293033,
    0.05282872867465547,
    0.05180860603729783,
    0.051593675203951056,
    0.05051819622215218,
    0.04953350166068442,
    0.0491114306568572,
    0.04741053887455714,
    0.04740479720612769,
    0.04689582908000943,
    0.04607672260323005,
    0.04535577736097928,
    0.045091676086601806,
    0.044466559708061924,
    0.04356177249162749,
    0.04354283848468935,
    0.04290157643425856,
    0.04223810457748122,
    0.04179692900634822,
    0.04077340702275485,
    0.0405169246758319,
    0.04035825185082127,
    0.03972652347996247,
    0.03950324923732564,
    0.0387970810631283,
    0.039237787476099094,
    0.03797296234012102,
    0.03810505467489381,
    0.03723413714557396,
    0.037604672426897114,
    0.03708381304227748,
    0.03695787554642117,
    0.03620876763463397,
    0.03595869026503581,
    0.035678326457211404,
    0.0354121221905261,
    0.034896931741692776,
    0.03499051905678663,
    0.035028891977012235,
    0.03416643268634788,
    0.033903319662961964,
    0.034218097103267495,
    0.03367917915963946,
    0.032967836825664516,
    0.03292179191025862,
    0.0325625858960765,
    0.03235762700787009,
    0.032344143642242126,
    0.03204600109604532,
    0.0321165528925496,
    0.03171911615496866,
    0.03152505103757725,
    0.031763376729320336,
    0.03103646384516799,
    0.030790391659503036,
    0.030983263937528004,
    0.030279183303454582,
    0.030250142435584448,
    0.02990496192037984,
    0.03002898464763511,
    0.029763243030450588,
    0.029588967262662465,
    0.029389122644658337,
    0.029295090595366228,
    0.02941232127538975,
    0.029540198616090075,
    0.0289460597183042,
    0.028568593486107404,
    0.028547165357282883,
    0.028701332876960337,
    0.028394426781962027
  ],
  "eval_epochs": [
    1,
    5,
    10,
    15,
    20,
    25,
    30,
    35,
    40,
    45,
    50,
    55,
    60,
    65,
    70,
    75,
    80,
    85,
    90,
    95,
    100
  ],
  "recall_history": [
    0.08826818672712702,
    0.10624980678074439,
    0.11946512612442946,
    0.1260620430398028,
    0.13223393310932602,
    0.13586045611771527,
    0.14023655121644069,
    0.14340651429651888,
    0.1467224294901287,
    0.14910422851125368,
    0.15187222371751416,
    0.15394961571232735,
    0.15583441475970383,
    0.15762074662717107,
    0.15929189354524315,
    0.16058736280666316,
    0.1624024333759664,
    0.16454299321091637,
    0.16588153002849698,
    0.16662991525852436,
    0.16795550421290814
  ],
  "ndcg_history": [
    0.07378172142301592,
    0.09034758548653335,
    0.10184667307098726,
    0.10753734705265088,
    0.11223558408228188,
    0.11559446217468251,
    0.11871711363817392,
    0.12128094611769773,
    0.12388162163577904,
    0.12569031417285886,
    0.12788740213115535,
    0.12951646595921248,
    0.1310295870120654,
    0.13236695638147047,
    0.13380582368593744,
    0.13477518005738778,
    0.13617494846620037,
    0.13744507668654418,
    0.13839439045709764,
    0.13915903922114692,
    0.1399059012737334
  ]
}