{
  "dataset": "Yelp",
  "n_users": 31668,
  "n_items": 38048,
  "n_train": 1237259,
  "n_test": 324147,
  "embed_dim": 64,
  "n_layers": 1,
  "lr": 0.001,
  "lambda": 0.0001,
  "batch_size": 1024,
  "epochs_trained": 100,
  "best_epoch": 95,
  "recall@20": 0.0596,
  "ndcg@20": 0.0466,
  "train_losses": [
    0.3070649021854069,
    0.15550829048287,
    0.1391315043823707,
    0.1279426614402343,
    0.11795298112494661,
    0.11054073582520547,
    0.10367500392214352,
    0.09796397850558852,
    0.09312100665002371,
    0.0896655977333569,
    0.08562084750599222,
    0.08217952365906822,
    0.07953784152532355,
    0.07685374326707907,
    0.07471423497768921,
    0.07235795236963606,
    0.070428020909848,
    0.06844592383069707,
    0.06720890302445419,
    0.06505150945906508,
    0.06343292483184117,
    0.06242280329164389,
    0.06071736359512372,
    0.05946605731517274,
    0.05771047995111208,
    0.05721031521009096,
    0.055846306808379216,
    0.05445476795318505,
    0.053972412767320475,
    0.05284226680982439,
    0.051859627342135305,
    0.05083317013260051,
    0.04983587023826772,
    0.04915604809305279,
    0.047763262480645385,
    0.04750002472081672,
    0.04676967181592242,
    0.04603345746741883,
    0.04553746891559552,
    0.044276262357497945,
    0.04385776837843637,
    0.043050657467460195,
    0.04246934862585356,
    0.04166103051882854,
    0.04134283292983097,
    0.0404872267170877,
    0.03981936861767082,
    0.03925489853228757,
    0.0388815329959061,
    0.038304637867759984,
    0.038021153034889045,
    0.0373922825948218,
    0.036691172585039344,
    0.036367803303191795,
    0.03577388450349157,
    0.03518133464312514,
    0.03481764655517081,
    0.03431108002920962,
    0.03411762355302541,
    0.033431148810299814,
    0.03298024342561893,
    0.03270737151923707,
    0.031982818644629506,
    0.03150108163414634,
    0.031505850437467314,
    0.030844955119174837,
    0.030584584033449755,
    0.029856508196060182,
    0.029877568046186145,
    0.029587777235872106,
    0.029311332775323055,
    0.028803991110662355,
    0.028554166185311876,
    0.028251858175244948,
    0.027654492730330306,
    0.02780520565120121,
    0.027230140702206862,
    0.02681491768376174,
    0.026429275719183715,
    0.025787091956609578,
    0.02598866641780497,
    0.025556604259968148,
    0.025062974877748022,
    0.025332389306122843,
    0.024704249106989002,
    0.02485385657494752,
    0.02416786274468736,
    0.02413147481910835,
    0.023812801604134504,
    0.023751876770290514,
    0.02312177762355261,
    0.023176589491931316,
    0.02295789259350211,
    0.022730070103841853,
    0.022380973722798046,
    0.02239276380787005,
    0.021949634583518896,
    0.021757171410660178,
    0.0219584060670956,
    0.02148652621868702
  ],
  "eval_epochs": [
    1,
    5,
    10,
    15,
    20,
    25,
    30,
    35,
    40,
    45,
    50,
    55,
    60,
    65,
    70,
    75,
    80,
    85,
    90,
    95,
    100
  ],
  "recall_history": [
    0.03524816348874565,
    0.04058874645379885,
    0.044370081028634,
    0.046583936545260364,
    0.0489078319128241,
    0.050182341052997785,
    0.05201510860239648,
    0.05356883485628813,
    0.05477112733220378,
    0.055475232601725044,
    0.05603339293503263,
    0.056627789992682816,
    0.05686256398769551,
    0.057793669647426014,
    0.05817838301126995,
    0.05834055650408474,
    0.05842268716746525,
    0.05886316871539659,
    0.05904329239873024,
    0.05956092710668712,
    0.05920317971058765
  ],
  "ndcg_history": [
    0.027707440361743427,
    0.03178830426704411,
    0.034885687835460255,
    0.03656714408067312,
    0.03836887581271926,
    0.039187021373378754,
    0.04077964500277697,
    0.04199936105229202,
    0.04304297667462653,
    0.04356833469241516,
    0.04413663598386981,
    0.04452722491206433,
    0.044887156149124835,
    0.045479322175044995,
    0.04557190544371618,
    0.04592647042734135,
    0.04586070472883926,
    0.04629072922768377,
    0.04647266189962039,
    0.046636913735151664,
    0.046445205459177866
  ]
}