{
  "dataset": "gowalla1",
  "method": "LightGCN-L1",
  "norm_mode": "l1",
  "n_users": 29858,
  "n_items": 40981,
  "n_train": 810128,
  "n_test": 217242,
  "embed_dim": 64,
  "n_layers": 3,
  "lr": 0.001,
  "lambda": 0.0001,
  "batch_size": 1024,
  "epochs_trained": 100,
  "best_epoch": 95,
  "recall@20": 0.138,
  "ndcg@20": 0.1143,
  "train_losses": [
    0.6895503526843152,
    0.6294283060599519,
    0.5269814157003699,
    0.4404829284635416,
    0.37548610436177887,
    0.32634476407439306,
    0.2869146329488525,
    0.25584206391978354,
    0.2299057342837342,
    0.2098638038380559,
    0.1918519090498443,
    0.1765636381435334,
    0.16405972431492716,
    0.15311667306157942,
    0.14422038976484544,
    0.13567004413090825,
    0.1284503421161027,
    0.12224557239435115,
    0.11696115810560667,
    0.11196683680664574,
    0.10781555194242866,
    0.10424923301496639,
    0.10078988100876549,
    0.09687427984251536,
    0.09498483373980154,
    0.09195678628387705,
    0.08929002219069321,
    0.08778033233171166,
    0.08566396103232307,
    0.08371863081844055,
    0.08222516176824173,
    0.08119844569908231,
    0.07935909033010038,
    0.07812549840710709,
    0.0765902137927777,
    0.07592353694771997,
    0.07463157705859047,
    0.07378359961261038,
    0.07259180855980867,
    0.07203726341898463,
    0.07082397441289066,
    0.07084418648639612,
    0.06988176580061653,
    0.0688822118638439,
    0.068236233645346,
    0.06773801061281211,
    0.06726171075355841,
    0.0660291275694759,
    0.06593525592901764,
    0.06544647332370357,
    0.06523417489775062,
    0.06430211525725957,
    0.063648463218613,
    0.06343725954762904,
    0.06276346029603075,
    0.06258844659580141,
    0.0622391195122421,
    0.06183583214502268,
    0.061154509215190646,
    0.060651564643295616,
    0.06077083228473868,
    0.06008991594373351,
    0.0599787415496242,
    0.059349597724891644,
    0.059065587159279176,
    0.058777541576798736,
    0.058690641456849955,
    0.05796385252690496,
    0.05790381667624533,
    0.0574438190170094,
    0.057899366711017905,
    0.056970760607726954,
    0.05650741423747482,
    0.05643357353004734,
    0.05617817628342192,
    0.056063600642754965,
    0.055786041917300556,
    0.05591784292824953,
    0.05486768792123168,
    0.055001207859303645,
    0.05479434676534307,
    0.05467957574238367,
    0.05427146494369742,
    0.05401658448573159,
    0.05388069598830756,
    0.05396185920358307,
    0.053320416368252105,
    0.05334011666410792,
    0.05329674272297607,
    0.05326197614278715,
    0.052776264085631006,
    0.05279818789470663,
    0.052462564218511476,
    0.052255646717721684,
    0.052095997235567015,
    0.05189993288532822,
    0.0516927273550769,
    0.05146161864797777,
    0.05118711571551756,
    0.050797360528886844
  ],
  "eval_epochs": [
    1,
    5,
    10,
    15,
    20,
    25,
    30,
    35,
    40,
    45,
    50,
    55,
    60,
    65,
    70,
    75,
    80,
    85,
    90,
    95,
    100
  ],
  "recall_history": [
    0.06622637948762847,
    0.09401437220463435,
    0.11042610899991927,
    0.11815251537844315,
    0.12169883045565003,
    0.12404427007419873,
    0.12598324463966698,
    0.12804127989992134,
    0.12928247660726405,
    0.12958308305996252,
    0.13138491831355756,
    0.13151598028891914,
    0.1328430342475935,
    0.13304458897304708,
    0.13433449342872458,
    0.13477513879337502,
    0.1353060598764899,
    0.1354578735204093,
    0.13685230791128586,
    0.1379878286013384,
    0.13793607041445627
  ],
  "ndcg_history": [
    0.057462891043003575,
    0.08252789612024952,
    0.09539286561251574,
    0.10163899865491079,
    0.10421976327492925,
    0.10576655384565774,
    0.10705697574270129,
    0.1083823529457858,
    0.10852743852830035,
    0.10922345772823708,
    0.11090178413609797,
    0.11093646112773861,
    0.1112247544862289,
    0.11118122162141417,
    0.11201142527931958,
    0.11240803670545131,
    0.11305357366265725,
    0.11199668513189316,
    0.11365500459739379,
    0.11434687467822922,
    0.1138237062528957
  ],
  "plot_path": "/kaggle/working/gowalla_table5_part1/l1/training_curves.png"
}