{
  "dataset": "Gowalla",
  "n_users": 29858,
  "n_items": 40981,
  "n_train": 810128,
  "n_test": 217242,
  "embed_dim": 64,
  "n_layers": 3,
  "lr": 0.001,
  "lambda": 0.0001,
  "batch_size": 1024,
  "epochs_trained": 100,
  "best_epoch": 100,
  "recall@20": 0.17,
  "ndcg@20": 0.142,
  "train_losses": [
    0.343012056425308,
    0.18627648336245348,
    0.1503608864361206,
    0.13179885049723794,
    0.1185824951691513,
    0.10873776412417102,
    0.10079839198312024,
    0.09573666719359483,
    0.09042577652258306,
    0.08567411424274239,
    0.08169924174394227,
    0.07793820689417016,
    0.07522614593658827,
    0.07246254657203267,
    0.06926832583588083,
    0.0671191721937976,
    0.06481540290222006,
    0.06272497133136398,
    0.06119639186280416,
    0.059918296482183234,
    0.05771439935065401,
    0.0573048516589908,
    0.055570274384223704,
    0.05383338547969889,
    0.05275163644107645,
    0.05224348177754246,
    0.050292519379204655,
    0.04956053269440697,
    0.04859879026577988,
    0.047437087817567336,
    0.04680007528254642,
    0.046165485881674004,
    0.04563401803355452,
    0.04488944890761722,
    0.044219235003032216,
    0.0427210207713012,
    0.041645892258785316,
    0.04126589007289461,
    0.0408365110691293,
    0.040214902369303134,
    0.0401448633606568,
    0.03962417877739585,
    0.03862233503042295,
    0.03793639269117007,
    0.0377766785580387,
    0.03742897920498881,
    0.03672970682806447,
    0.03652979428355974,
    0.035680658439487485,
    0.03538198219011767,
    0.034711977944964854,
    0.03419101536132668,
    0.034212882506900126,
    0.033667871168097566,
    0.033353729696306206,
    0.03268097008327693,
    0.03312679942739673,
    0.032220221436600166,
    0.031803469245431544,
    0.03178460031097894,
    0.031492469501452035,
    0.031035731601918543,
    0.03080586565590161,
    0.03067531572789067,
    0.029894321357452236,
    0.02993201247302229,
    0.02928048040477651,
    0.029320142768775544,
    0.029012744901313267,
    0.02889085773675315,
    0.028612171999130555,
    0.028017864440121557,
    0.027963954703376055,
    0.02775427668005718,
    0.027369144651685592,
    0.027466434367264793,
    0.026835978427941897,
    0.027181417683631595,
    0.026912681674808453,
    0.026401096939635563,
    0.026757358904226237,
    0.026111562061682813,
    0.026314666606580037,
    0.02560973670168788,
    0.025429062041372776,
    0.025481432252451683,
    0.025184022527607215,
    0.025085184907990447,
    0.024901839995146852,
    0.02492993063376993,
    0.0246309746862136,
    0.02451426993617517,
    0.024425440857613133,
    0.024321411659778597,
    0.023899777890118275,
    0.023741106294312156,
    0.0235339371327372,
    0.023528447696131414,
    0.02314738370713633,
    0.023190605149200533
  ],
  "eval_epochs": [
    1,
    5,
    10,
    15,
    20,
    25,
    30,
    35,
    40,
    45,
    50,
    55,
    60,
    65,
    70,
    75,
    80,
    85,
    90,
    95,
    100
  ],
  "recall_history": [
    0.087320204889438,
    0.10980436328400317,
    0.12082016160484896,
    0.129150987475739,
    0.13503300331070053,
    0.13946724380660616,
    0.14356676453834985,
    0.14740950459166888,
    0.1497936528891849,
    0.15282757556508808,
    0.15561166262239065,
    0.15820293883512593,
    0.15965826823794094,
    0.1611574422995478,
    0.16305800373959203,
    0.1644297937504346,
    0.1656510891589335,
    0.16642611379641253,
    0.16777735732419602,
    0.16894239800562028,
    0.170044444850745
  ],
  "ndcg_history": [
    0.07185245589012554,
    0.09378259958549864,
    0.10374149376425025,
    0.11031972545196289,
    0.11474500842345851,
    0.11807218556465802,
    0.1213069573271949,
    0.12398553666636865,
    0.12607526820261744,
    0.12835123148947816,
    0.13039308727772164,
    0.13241659302322198,
    0.13400874800859025,
    0.1350532711927246,
    0.13627335768036708,
    0.13746006024381832,
    0.13863344689634888,
    0.13931211132328103,
    0.1403399175694744,
    0.14129608087833448,
    0.14201397147464065
  ]
}