{
  "dataset": "yelp",
  "method": "LightGCN-R",
  "norm_mode": "r",
  "n_users": 31668,
  "n_items": 38048,
  "n_train": 1237259,
  "n_test": 324147,
  "embed_dim": 64,
  "n_layers": 3,
  "lr": 0.001,
  "lambda": 0.0001,
  "batch_size": 1024,
  "epochs_trained": 100,
  "best_epoch": 50,
  "recall@20": 0.0514,
  "ndcg@20": 0.0397,
  "train_losses": [
    0.28750732996260486,
    0.27154249232262373,
    0.24756766093389088,
    0.2465080688429984,
    0.24168400842671758,
    0.24156754051908752,
    0.26652305118048825,
    0.23105098509433253,
    0.22058106769517755,
    0.23962410332770734,
    0.2386954038323748,
    0.23384627863296018,
    0.23316029970540314,
    0.22416707014492313,
    0.21854976033606868,
    0.2168295703803664,
    0.23661048241601085,
    0.24535237764014511,
    0.22531264172003462,
    0.21553916161855227,
    0.22292487193145696,
    0.21222472239581758,
    0.24952103111226828,
    0.21644447236291028,
    0.25670705978999175,
    0.2182692569273444,
    0.21195424148282468,
    0.2213979680183658,
    0.22480647241857077,
    0.21148265100435804,
    0.22562125203699268,
    0.22808811622394237,
    0.2598296413413983,
    0.23445435210643029,
    0.214538323168723,
    0.21793490952645608,
    0.22990031001336922,
    0.22980403230334354,
    0.22045974734405807,
    0.26218945298047847,
    0.22426240650061147,
    0.2321163564581202,
    0.21334005885492294,
    0.21928238632798885,
    0.21400904564174594,
    0.2367284043741394,
    0.22608039274330663,
    0.2347498275802181,
    0.2092230602241559,
    0.2186447571321631,
    0.22048804923176568,
    0.24427189684429804,
    0.22953583753439566,
    0.21824596507092384,
    0.22536951366700972,
    0.2116624184310535,
    0.22820776446864305,
    0.21287099453343067,
    0.23037115413855935,
    0.21801936263156846,
    0.23692180180848138,
    0.2142035901262764,
    0.23319924414614276,
    0.2391844299708228,
    0.21206764173108023,
    0.25044917492874413,
    0.22155014229845874,
    0.23619791574850185,
    0.1991749525020849,
    0.241766744447465,
    0.2355699617668542,
    0.22800520125973894,
    0.230458672139917,
    0.22409419147051032,
    0.2289444906976296,
    0.22759796234020432,
    0.23585684543216465,
    0.21905200913338768,
    0.22497177872782118,
    0.24059372215488592,
    0.2154743383940778,
    0.2542352414017679,
    0.24907722769132415,
    0.23451374875788658,
    0.2305727977034272,
    0.23953195027652388,
    0.24229810123535378,
    0.22242360249692142,
    0.2367901750408508,
    0.26011107600639444,
    0.21314206885001222,
    0.24831342388450212,
    0.22468315619999998,
    0.2354689718452313,
    0.25591624460016554,
    0.2549271557560277,
    0.2314692248577955,
    0.24863952913303053,
    0.23116186075837702,
    0.26101870300704677
  ],
  "eval_epochs": [
    1,
    5,
    10,
    15,
    20,
    25,
    30,
    35,
    40,
    45,
    50,
    55,
    60,
    65,
    70,
    75,
    80,
    85,
    90,
    95,
    100
  ],
  "recall_history": [
    0.04124306562151715,
    0.04476675144018986,
    0.0436719992739663,
    0.050352433066128965,
    0.04037592639042806,
    0.04985940776965616,
    0.042350063266193755,
    0.05028909632941701,
    0.04469986125878999,
    0.047966230217553515,
    0.051434185239171266,
    0.04069626549525877,
    0.05108812502849183,
    0.04582672087925647,
    0.04893016314720319,
    0.05059727917355432,
    0.05088519312131531,
    0.05082883807231889,
    0.04594702164060981,
    0.039439760910895974,
    0.04849765054772607
  ],
  "ndcg_history": [
    0.031609475057452104,
    0.03459884933757502,
    0.033697736596470795,
    0.0397098972562313,
    0.030050586329143737,
    0.0389304886185897,
    0.03164381893287028,
    0.03850321673943621,
    0.03371028207691712,
    0.03648709367883681,
    0.039658059764587666,
    0.030179132665317347,
    0.03937911387285141,
    0.03508136010773406,
    0.03723568466370169,
    0.03923486714795938,
    0.038978446579534434,
    0.03874452668355471,
    0.03538436204272905,
    0.030213519789897225,
    0.03721213450647378
  ],
  "plot_path": "/kaggle/working/yelp_table5_part2/r/training_curves.png"
}