{
  "dataset": "Gowalla",
  "n_users": 29858,
  "n_items": 40981,
  "n_train": 810128,
  "n_test": 217242,
  "embed_dim": 64,
  "n_layers": 1,
  "lr": 0.001,
  "lambda": 0.0001,
  "batch_size": 1024,
  "epochs_trained": 100,
  "best_epoch": 100,
  "recall@20": 0.1641,
  "ndcg@20": 0.138,
  "train_losses": [
    0.41840539644701896,
    0.18881363173953802,
    0.14044513703146114,
    0.11672915395834353,
    0.1019219634147872,
    0.09287348610976554,
    0.08427900784706648,
    0.07868771948268832,
    0.07342292751302158,
    0.06951293925249621,
    0.06545469781805381,
    0.0625562971003363,
    0.06014191445938103,
    0.05676172552194668,
    0.05508905387802612,
    0.053119998345182155,
    0.05019096458888837,
    0.049419109093781215,
    0.047465398335445545,
    0.04621816465840704,
    0.04498855358486531,
    0.043372753635519824,
    0.042363397122446717,
    0.04102318340679336,
    0.04031166584524132,
    0.03902370978368142,
    0.037729079699715985,
    0.037316995650511026,
    0.03639359505877709,
    0.035291756438527035,
    0.034888485793904994,
    0.03435218068576793,
    0.03315319331638355,
    0.03275636167709354,
    0.031470115062240255,
    0.03142759376164295,
    0.030769108882934496,
    0.03033231509385534,
    0.02955538799395189,
    0.028675718862897753,
    0.028203508224427777,
    0.027614099864863264,
    0.027282400176814475,
    0.026795149145014442,
    0.02617192980580211,
    0.02598326206890167,
    0.02572996184634876,
    0.024690610074053144,
    0.025049862969906907,
    0.024099980622256826,
    0.023930616417779632,
    0.023538411517218978,
    0.023003600249314204,
    0.022929322660939506,
    0.0226281433897246,
    0.022324332240945394,
    0.021767515074532343,
    0.021463366234781015,
    0.02135675183971861,
    0.02065891977964739,
    0.020522855408254225,
    0.020205273195234623,
    0.020063531562667127,
    0.019632101620579264,
    0.01951791892857226,
    0.01917237304410086,
    0.01892335472013872,
    0.018599410793318987,
    0.01872840733179062,
    0.018243887587703584,
    0.018418957839582195,
    0.017861397301144756,
    0.01763062381718953,
    0.01729780693647985,
    0.01727849363753226,
    0.016960581054607248,
    0.017007204945353432,
    0.016767950050353853,
    0.01655915081760035,
    0.016497051902586303,
    0.016283751174562648,
    0.016167426581921905,
    0.015732366645852324,
    0.015668455558427517,
    0.015294394418173358,
    0.01539542936271365,
    0.015381987671121748,
    0.015068122049777118,
    0.014873318282319834,
    0.014654861780780681,
    0.014619935748983274,
    0.014437080035986927,
    0.01432298020402019,
    0.01431670833930053,
    0.014155134441526477,
    0.013904053766124996,
    0.01411794463417454,
    0.013793191015979395,
    0.01352763594117595,
    0.013647127833556474
  ],
  "eval_epochs": [
    1,
    5,
    10,
    15,
    20,
    25,
    30,
    35,
    40,
    45,
    50,
    55,
    60,
    65,
    70,
    75,
    80,
    85,
    90,
    95,
    100
  ],
  "recall_history": [
    0.09433121748637983,
    0.11707125611513201,
    0.12707487304694293,
    0.13269687365782534,
    0.13816866391431568,
    0.1423676008228741,
    0.14725100521702209,
    0.15035007141939333,
    0.15255636954104504,
    0.15485139956748364,
    0.156685742653743,
    0.15847642923221558,
    0.16004675712389294,
    0.16093225139612521,
    0.16160423319364406,
    0.1629218339822037,
    0.1628159260332667,
    0.16313024889570168,
    0.16240648523519305,
    0.16312300763434393,
    0.1640525622028762
  ],
  "ndcg_history": [
    0.07871712273829294,
    0.10008439260796087,
    0.1086569392360393,
    0.11345430494087747,
    0.11763322327825843,
    0.12117614572687632,
    0.12445996367248006,
    0.12695483251505496,
    0.12873448749907546,
    0.13096269101883481,
    0.1322013305287658,
    0.1336234822045768,
    0.13458538750920124,
    0.13540988760093134,
    0.13639688690241458,
    0.1370370969940668,
    0.13718279994356639,
    0.13762801078271747,
    0.13726917980398304,
    0.13763914821802392,
    0.13804208305706875
  ]
}