{
  "dataset": "Gowalla",
  "model": "LightGCN-single",
  "n_users": 29858,
  "n_items": 40981,
  "n_train": 810128,
  "n_test": 217242,
  "embed_dim": 64,
  "n_layers": 3,
  "lr": 0.001,
  "lambda": 0.0001,
  "batch_size": 1024,
  "epochs_trained": 100,
  "best_epoch": 100,
  "recall@20": 0.1503,
  "ndcg@20": 0.1266,
  "train_losses": [
    0.30129895358335806,
    0.17448797573331937,
    0.14488445837450992,
    0.12901530699279307,
    0.11968597399563012,
    0.11348086776383758,
    0.10766450440047212,
    0.10487539672520008,
    0.10060386956397412,
    0.0984750041778184,
    0.09599223957125065,
    0.09259538257826595,
    0.09131471145846298,
    0.08968179357413546,
    0.0873825059951708,
    0.08623194392633951,
    0.08524446257692674,
    0.08391807951249756,
    0.08372512731027663,
    0.08276799934834958,
    0.08218808304965873,
    0.08176559617203648,
    0.08048506634481788,
    0.08025322094390124,
    0.07850064565198009,
    0.0789430885612211,
    0.07784505720649447,
    0.07800063961356238,
    0.0767945261382499,
    0.0760097748843668,
    0.07625684364405655,
    0.07540149602440907,
    0.07482711358087704,
    0.07414937964564026,
    0.07499154752730268,
    0.07333360821027521,
    0.07285851945655536,
    0.07360827154685966,
    0.07268305909354829,
    0.07290490949349819,
    0.07238305265886895,
    0.0715745720451912,
    0.0712038409365188,
    0.07109771874249358,
    0.07055042683607257,
    0.07054142052055762,
    0.07016334396830552,
    0.07049807877893242,
    0.06978989402880108,
    0.07054630041065921,
    0.07032535250113828,
    0.06869578978939243,
    0.06855364500364823,
    0.06919287521905453,
    0.06845683856913172,
    0.06940881067748016,
    0.06923880651781592,
    0.06896509397798482,
    0.06723122480507898,
    0.06788173586356203,
    0.06704970592851886,
    0.06794208194000832,
    0.06805126957228,
    0.0671229313884764,
    0.06730234260787403,
    0.0666910650399331,
    0.06696087297160466,
    0.066965860113332,
    0.0672268629045839,
    0.06720264464635614,
    0.06664815836606074,
    0.0664121918992508,
    0.06648075740723182,
    0.0652845801147438,
    0.06579840341029516,
    0.06572261209659722,
    0.06576460933338676,
    0.06581194347474728,
    0.06564200909716442,
    0.06599281253540411,
    0.06607755238258582,
    0.0648910451807581,
    0.06565419395186958,
    0.06533484191041529,
    0.06529633358460009,
    0.06421955412091257,
    0.06421194290071161,
    0.06462714639780796,
    0.06479384463313406,
    0.06382557147390924,
    0.06487668594804635,
    0.06412756329522422,
    0.06454152729734307,
    0.06437095115255616,
    0.0638630302568754,
    0.06437260848758496,
    0.06290261984323581,
    0.06376651032591138,
    0.06415744045779918,
    0.0641821354024781
  ],
  "eval_epochs": [
    1,
    5,
    10,
    15,
    20,
    25,
    30,
    35,
    40,
    45,
    50,
    55,
    60,
    65,
    70,
    75,
    80,
    85,
    90,
    95,
    100
  ],
  "recall_history": [
    0.08824616714075989,
    0.10983042508757351,
    0.12209790399776434,
    0.12681701484479083,
    0.1294785940557733,
    0.13299791815563108,
    0.13496017574372562,
    0.13691184389198022,
    0.13886616709630323,
    0.14066528947205115,
    0.14174256147102374,
    0.1428123616759832,
    0.14446155426739968,
    0.1450163875577201,
    0.14614806443576245,
    0.14694977008515936,
    0.1475352698533604,
    0.14849751073577314,
    0.1486897080947093,
    0.14978617801232574,
    0.15033735890705796
  ],
  "ndcg_history": [
    0.07477435444009319,
    0.09517641636465662,
    0.1051820995248659,
    0.10862444086304458,
    0.11099809228920181,
    0.1132918416516904,
    0.11500701166787514,
    0.11631341746003919,
    0.11787003074994903,
    0.11910585713801329,
    0.12004104870511267,
    0.12074632282665775,
    0.12170169086890073,
    0.1224304816382733,
    0.12320230285202415,
    0.12412509766956761,
    0.12441097453819998,
    0.12502284938660255,
    0.125473479121176,
    0.12620961708180395,
    0.1266435127899555
  ]
}