{
  "dataset": "Gowalla",
  "model": "LightGCN-single",
  "n_users": 29858,
  "n_items": 40981,
  "n_train": 810128,
  "n_test": 217242,
  "embed_dim": 64,
  "n_layers": 4,
  "lr": 0.001,
  "lambda": 0.0001,
  "batch_size": 1024,
  "epochs_trained": 100,
  "best_epoch": 95,
  "recall@20": 0.1411,
  "ndcg@20": 0.1186,
  "train_losses": [
    0.3209723728872581,
    0.17739393858783012,
    0.14830350431268646,
    0.13508526557013298,
    0.12691903376172375,
    0.12130989327405105,
    0.11730476384028773,
    0.11349460508029169,
    0.1099952990954504,
    0.10663361583663299,
    0.10551928556447686,
    0.10291187703967396,
    0.10069816732395313,
    0.09858264882404795,
    0.09726753560107969,
    0.09666982225310787,
    0.09519066642757915,
    0.09373865861035931,
    0.0942351768257193,
    0.09201164316155214,
    0.09120671980921297,
    0.0915602564142944,
    0.09065317516550704,
    0.08977286524213521,
    0.08893129090612516,
    0.0896615192256444,
    0.08871776132117934,
    0.08758265544882918,
    0.0876208808739327,
    0.08751149556108583,
    0.08705988936550096,
    0.0866184284917624,
    0.08617681778694224,
    0.08650754474094031,
    0.08571609538213341,
    0.08527380925533744,
    0.08486565874533919,
    0.08509467798844451,
    0.08550781270609191,
    0.08513710516423703,
    0.0846229372298823,
    0.08441025114767771,
    0.08327400552488007,
    0.08417163648455393,
    0.08470767618224082,
    0.08295502046926133,
    0.08311320436758127,
    0.08310131696623888,
    0.0833460105825616,
    0.08279151281085237,
    0.08327241683221044,
    0.08269755042590173,
    0.08205535635823094,
    0.08269650534774953,
    0.08177385969480733,
    0.08284094944294876,
    0.0813810577481872,
    0.08205509768838978,
    0.08133603983785953,
    0.08242144208641632,
    0.08164438975011805,
    0.08153063741273585,
    0.08080473896375046,
    0.08048147991224276,
    0.08097790254635545,
    0.08127547789708854,
    0.08092375133568055,
    0.08056278151899161,
    0.08115784046811189,
    0.08015126989290175,
    0.0808392963389832,
    0.08011151064662958,
    0.08021539461465763,
    0.0806549777725403,
    0.07953099897025358,
    0.08019031777827236,
    0.07941765954668543,
    0.07983854243487082,
    0.07860930810780199,
    0.07955442903052388,
    0.08030500430166344,
    0.07966289192664186,
    0.08002621656950144,
    0.07955524759595524,
    0.07979884081521317,
    0.07964084620967828,
    0.07927848050646323,
    0.0791950802520087,
    0.07859851751952196,
    0.0792663603663143,
    0.07871217691774013,
    0.07912500897321177,
    0.07879662935241737,
    0.07948593504246508,
    0.07857429886097854,
    0.07860216210618634,
    0.07853638210749506,
    0.07824832687505277,
    0.07847700278862237,
    0.0783843004607446
  ],
  "eval_epochs": [
    1,
    5,
    10,
    15,
    20,
    25,
    30,
    35,
    40,
    45,
    50,
    55,
    60,
    65,
    70,
    75,
    80,
    85,
    90,
    95,
    100
  ],
  "recall_history": [
    0.08504563425249419,
    0.10377049001095591,
    0.11470019855636568,
    0.12189552362492645,
    0.12533382069546684,
    0.12774902909179836,
    0.12975059451259496,
    0.13116121960671495,
    0.13292514403016878,
    0.1339821443393311,
    0.13510685021951827,
    0.1355979881942939,
    0.13656437367006335,
    0.13686917534022472,
    0.1378522225784773,
    0.138815288583005,
    0.13915964665363365,
    0.13938919541622585,
    0.14002246805022317,
    0.14106191303439766,
    0.14070505682173584
  ],
  "ndcg_history": [
    0.0726946110757634,
    0.08959768822592229,
    0.09886660420244207,
    0.10483351570620557,
    0.10735573707170236,
    0.1091352804577828,
    0.11049553314286076,
    0.1114539247696075,
    0.11258865616437246,
    0.11337900807509244,
    0.11420430951627389,
    0.11464277009955706,
    0.1154276273765634,
    0.11572635646074729,
    0.11659365218244012,
    0.11717477787207643,
    0.11739686769877085,
    0.11739502443021248,
    0.1179053745592728,
    0.11861263177482208,
    0.11864362417201477
  ]
}